url,id,make,model,price,year,type,status,mileage,trim,scraped_at,address,city,state,zip,mpg_city,mpg_hwy,cylinders_count,engine,horsepower,torque,fuel_type,drivetrain,color,transmission,doors,seats,vin,stock_number,curb_weight,msrp,displacement
https://www.carvana.com/vehicle/2004050,2004050,Nissan,Sentra,18990,2017,Sedan,Available,27633,S Sedan 4D,2021-10-09 13:10:07,14450 West Rd,Houston,TX,77041,27.0,37.0,4.0,"4-Cyl, 1.8 Liter",,,Gas,FWD,Silver,"Auto, CVT w/Xtronic",4,5,3N1AB7AP2HY321285,2001283529,2857.0,18975,
https://www.carvana.com/vehicle/1834140,1834140,Nissan,Altima,17590,2015,Sedan,Available,55648,2.5 SV Sedan 4D,2021-10-09 13:10:10,1951 Morgan Rd,Bessemer,AL,35022,27.0,38.0,4.0,"4-Cyl, 2.5 Liter",,,Gas,FWD,Black,"Automatic, Xtronic CVT",4,5,1N4AL3AP6FC104658,2001064426,3206.0,25555,
https://www.carvana.com/vehicle/2027280,2027280,Volkswagen,Jetta,19590,2019,Sedan,Available,43649,1.4T S Sedan 4D,2021-10-09 13:10:11,63 Pierce Rd,Winder,GA,30680,30.0,40.0,4.0,"4-Cyl, Turbo, 1.4 Liter",,,Gas,FWD,White,"Automatic, 8-Spd & Tiptronic",4,5,3VWC57BU8KM127308,2001316091,2970.0,20240,1.4
https://www.carvana.com/vehicle/1834450,1834450,Nissan,Versa,16590,2019,Sedan,Available,31887,S Sedan 4D,2021-10-09 13:11:19,1123 Cantrell Sansom Rd,Blue Mound,TX,76131,27.0,36.0,4.0,"4-Cyl, 1.6 Liter",109.0,107.0,Gas,FWD,Black,"Manual, 5-Spd",4,5,3N1CN7AP5KL822420,2001053561,2395.0,13385,1.6
https://www.carvana.com/vehicle/2004398,2004398,Chevrolet,Cruze,18590,2018,Sedan,Available,19363,LS Sedan 4D,2021-10-09 13:11:21,1925 Concord Pkwy S,Concord,NC,28027,29.0,40.0,4.0,"4-Cyl, Turbo, 1.4 Liter",153.0,177.0,Gas,FWD,Silver,"Automatic, 6-Spd",4,5,1G1BC5SM7J7198252,2001287434,,21995,1.4
https://www.carvana.com/vehicle/1994656,1994656,Kia,Forte,18990,2019,Sedan,Available,48026,LXS Sedan 4D,2021-10-09 13:11:24,1925 Concord Pkwy S,Concord,NC,28027,30.0,40.0,4.0,"4-Cyl, 2.0 Liter",147.0,132.0,Gas,FWD,White,"Automatic, i-CVT",4,5,3KPF24AD8KE128395,2001261311,2903.0,20115,2.0
https://www.carvana.com/vehicle/1861466,1861466,Ford,Edge,23590,2019,SUV,Available,74469,SEL Sport Utility 4D,2021-10-09 13:11:27,1123 Cantrell Sansom Rd,Blue Mound,TX,76131,21.0,28.0,4.0,"4-Cyl, EcoBoost, Turbo, 2.0 Liter",,,Gas,AWD,Black,"Automatic, 8-Spd",4,5,2FMPK4J98KBC23705,2001107174,4216.0,36080,
https://www.carvana.com/vehicle/1997632,1997632,Volkswagen,Passat,20590,2017,Sedan,Available,47319,1.8T R-Line Sedan 4D,2021-10-09 13:11:29,1123 Cantrell Sansom Rd,Blue Mound,TX,76131,23.0,34.0,4.0,"4-Cyl, Turbo, 1.8 Liter",170.0,184.0,Gas,FWD,White,"Auto, 6-Spd Tiptronic Spt",4,5,1VWDT7A3XHC003182,2001283307,3263.0,25120,1.8
https://www.carvana.com/vehicle/1994314,1994314,Chevrolet,Spark,12990,2014,Hatchback,Available,38221,LS Hatchback 4D,2021-10-09 13:11:30,1925 Concord Pkwy S,Concord,NC,28027,31.0,39.0,4.0,"4-Cyl, ECOTEC, 1.2 Liter",84.0,83.0,Gas,FWD,White,"Manual, 5-Spd",4,4,KL8CA6S94EC592851,2001274646,2368.0,14305,1.2
https://www.carvana.com/vehicle/1967548,1967548,Dodge,Journey,22990,2019,SUV,Available,30856,SE Sport Utility 4D,2021-10-09 13:11:33,1951 Morgan Rd,Bessemer,AL,35022,19.0,25.0,4.0,"4-Cyl, 2.4 Liter",173.0,166.0,Gas,FWD,Gray,"Automatic, 4-Spd w/AutoStick",4,7,3C4PDCAB4KT865743,2001226790,3818.0,24890,2.4
https://www.carvana.com/vehicle/1993195,1993195,Hyundai,Veloster,18590,2016,Coupe,Available,55820,Turbo Coupe 3D,2021-10-09 13:11:35,1925 Concord Pkwy S,Concord,NC,28027,27.0,33.0,4.0,"4-Cyl, Turbo, 1.6 Liter",201.0,195.0,Gas,FWD,White,"Auto, 7-Spd EcoShft DCT",3,4,KMHTC6AEXGU293308,2001276995,,24985,1.6
https://www.carvana.com/vehicle/2000555,2000555,Nissan,Altima,16990,2016,Sedan,Available,79449,2.5 S Sedan 4D,2021-10-09 13:11:39,1951 Morgan Rd,Bessemer,AL,35022,27.0,39.0,4.0,"4-Cyl, 2.5 Liter",182.0,180.0,Gas,FWD,Black,"Automatic, Xtronic CVT",4,5,1N4AL3AP1GC152831,2001255265,3212.0,23765,2.5
https://www.carvana.com/vehicle/1993870,1993870,Ford,Fusion,18990,2015,Sedan,Available,42264,SE Sedan 4D,2021-10-09 13:11:41,63 Pierce Rd,Winder,GA,30680,,,4.0,"4-Cyl, 2.5 Liter",175.0,175.0,Gas,FWD,Silver,Auto 6Spd Auto Start-Stop,4,5,3FA6P0H71FR134988,2001267124,3431.0,24760,2.5
https://www.carvana.com/vehicle/2035411,2035411,Subaru,Impreza,22990,2019,Wagon,Available,12744,2.0i Wagon 4D,2021-10-09 13:11:43,63 Pierce Rd,Winder,GA,30680,28.0,36.0,4.0,"4-Cyl, 2.0 Liter",152.0,145.0,Gas,AWD,Red,"Automatic, CVT w/Lineartronic & Manual Modes",4,5,4S3GTAB65K3727116,2001279137,3047.0,20980,2.0
https://www.carvana.com/vehicle/1993703,1993703,Hyundai,Santa Fe,23590,2015,SUV,Available,43686,GLS Sport Utility 4D,2021-10-09 13:11:46,63 Pierce Rd,Winder,GA,30680,18.0,25.0,6.0,"V6, GDI, 3.3 Liter",290.0,252.0,Gas,FWD,White,"Auto, 6-Spd Shiftronic",4,7,KM8SN4HF9FU110875,2001262298,3933.0,31250,3.3
https://www.carvana.com/vehicle/1841391,1841391,Nissan,Rogue,20990,2016,SUV,Available,37052,SV Sport Utility 4D,2021-10-09 13:11:49,6508 W FW Marks Dr,Greenfield,IN,46140,25.0,32.0,4.0,"4-Cyl, 2.5 Liter",,,Gas,AWD,Black,"Auto, CVT Xtronic",4,7,KNMAT2MV2GP674410,2001092374,3554.0,27070,
https://www.carvana.com/vehicle/2027273,2027273,Hyundai,Sonata,17590,2015,Sedan,Available,56037,SE Sedan 4D,2021-10-09 13:11:50,63 Pierce Rd,Winder,GA,30680,25.0,37.0,4.0,"4-Cyl, 2.4 Liter",185.0,178.0,Gas,FWD,Gray,"Auto, 6-Spd w/Shiftronic & Drive Mode Select",4,5,5NPE24AF4FH202166,2001312320,,21975,2.4
https://www.carvana.com/vehicle/2000457,2000457,Mazda,MAZDA6,22590,2018,Sedan,Available,37074,Sport Sedan 4D,2021-10-09 13:11:53,63 Pierce Rd,Winder,GA,30680,24.0,33.0,4.0,"4-Cyl, SKYACTIV-G, 2.5L",187.0,186.0,Gas,FWD,Black,"Manual, 6-Spd SKYACTIV",4,5,JM1GL1U58J1324830,2001278322,3427.0,23895,2.5
https://www.carvana.com/vehicle/2035205,2035205,Kia,Optima,19990,2016,Sedan,Available,18022,LX Sedan 4D,2021-10-09 13:11:56,1123 Cantrell Sansom Rd,Blue Mound,TX,76131,25.0,37.0,4.0,"4-Cyl, 2.4 Liter",185.0,178.0,Gas,FWD,Gray,"Auto, 6-Spd Sportmatic",4,5,KNAGT4L37G5110380,2001316937,3219.0,22990,2.4
https://www.carvana.com/vehicle/1994133,1994133,Mazda,CX-5,24990,2019,SUV,Available,57606,Touring Sport Utility 4D,2021-10-09 13:11:58,1951 Morgan Rd,Bessemer,AL,35022,25.0,31.0,4.0,"4-Cyl, SKYACTIV-G, 2.5 Liter",187.0,186.0,Gas,FWD,Black,"Automatic, 6-Spd SKYACTIV-Drive w/Manual & Sport Modes",4,5,JM3KFACMXK1551309,2001262124,3541.0,27660,2.5
https://www.carvana.com/vehicle/2024357,2024357,Subaru,Legacy,17590,2015,Sedan,Available,72409,2.5i Premium Sedan 4D,2021-10-09 13:12:01,1925 Concord Pkwy S,Concord,NC,28027,26.0,36.0,4.0,"4-Cyl, 2.5 Liter",175.0,174.0,Gas,AWD,White,"Automatic, CVT w/Manual Mode",4,5,4S3BNBH6XF3030113,2001305039,3455.0,24590,2.5
https://www.carvana.com/vehicle/2004699,2004699,Hyundai,Elantra GT,17590,2017,Hatchback,Available,45003,Hatchback 4D,2021-10-09 13:12:04,1951 Morgan Rd,Bessemer,AL,35022,24.0,32.0,4.0,"4-Cyl, 2.0 Liter",173.0,154.0,Gas,FWD,Silver,"Auto, 6-Spd Shiftronic",4,5,KMHD35LH6HU381375,2001274331,2908.0,20685,2.0
https://www.carvana.com/vehicle/1893625,1893625,Nissan,Pathfinder,22990,2016,SUV,Available,20871,S Sport Utility 4D,2021-10-09 13:12:07,600 Creek Road,Delanco,NJ,08075,20.0,27.0,6.0,"V6, 3.5 Liter",,,Gas,2WD,Silver,"Automatic, CVT",4,7,5N1AR2MN5GC668635,2001094678,4263.0,31125,
https://www.carvana.com/vehicle/1958467,1958467,Mercedes-benz,E-Class,24990,2015,Sedan,Available,70006,E 350 4MATIC Sedan 4D,2021-10-09 13:12:09,1925 Concord Pkwy S,Concord,NC,28027,20.0,28.0,6.0,"V6, 3.5 Liter",302.0,273.0,Gas,AWD,White,"Auto, 7-Spd Spt & Economy",4,5,WDDHF8JB8FB124634,2001233190,3979.0,69365,3.5
https://www.carvana.com/vehicle/1970992,1970992,Jeep,Compass,21590,2018,SUV,Available,75624,Latitude Sport Utility 4D,2021-10-09 13:13:16,1420 Toshiba Dr,Lebanon,TN,37087,22.0,30.0,4.0,"4-Cyl, MultiAir, 2.4 Liter",180.0,175.0,Gas,4WD,Silver,"Automatic, 9-Spd",4,5,3C4NJDBB2JT457079,2001232335,,27290,2.4
https://www.carvana.com/vehicle/1970899,1970899,Chevrolet,Equinox,19990,2015,SUV,Available,62300,LTZ Sport Utility 4D,2021-10-09 13:13:19,1420 Toshiba Dr,Lebanon,TN,37087,22.0,32.0,4.0,"4-Cyl, 2.4 Liter",182.0,172.0,Gas,FWD,Black,"Automatic, 6-Spd",4,5,2GNALDEKXF6345475,2001242806,3829.0,33290,2.4
https://www.carvana.com/vehicle/2004139,2004139,Jeep,Renegade,19590,2016,SUV,Available,78464,Dawn of Justice Sport Utility 4D,2021-10-09 13:13:21,63 Pierce Rd,Winder,GA,30680,21.0,29.0,4.0,"4-Cyl, MultiAir, 2.4L",180.0,175.0,Gas,4WD,Gray,"Automatic, 9-Spd",4,5,ZACCJBBT4GPC98036,2001281213,3183.0,27120,2.4
https://www.carvana.com/vehicle/2004311,2004311,Subaru,Impreza,16590,2015,Sedan,Available,87901,2.0i Limited Sedan 4D,2021-10-09 13:13:24,63 Pierce Rd,Winder,GA,30680,27.0,36.0,4.0,"4-Cyl, PZEV, 2.0 Liter",148.0,145.0,Gas,AWD,Red,"Automatic, CVT w/Manual Mode",4,5,JF1GJAS60FH009140,2001267513,3109.0,25885,2.0
https://www.carvana.com/vehicle/2032382,2032382,Infiniti,Q40,20590,2015,Sedan,Available,52245,Sedan 4D,2021-10-09 13:13:26,1123 Cantrell Sansom Rd,Blue Mound,TX,76131,19.0,27.0,6.0,"V6, 3.7 Liter",328.0,269.0,Gas,RWD,Black,"Auto, 7-Spd Rev Match",4,5,JN1CV6AP2FM502414,2001306556,3821.0,37455,3.7
https://www.carvana.com/vehicle/1974357,1974357,Chevrolet,Impala,23590,2018,Sedan,Available,76733,Premier Sedan 4D,2021-10-09 13:13:29,1951 Morgan Rd,Bessemer,AL,35022,18.0,28.0,6.0,"V6, Flex Fuel, 3.6 Liter",,,FlexFuel,FWD,Black,"Auto, 6-Spd Overdrive",4,5,2G1125S32J9133698,2001237513,,38230,3.6
https://www.carvana.com/vehicle/2004885,2004885,Toyota,Yaris iA,16590,2018,Sedan,Available,62311,Sedan 4D,2021-10-09 13:13:31,1925 Concord Pkwy S,Concord,NC,28027,32.0,40.0,4.0,"4-Cyl, 1.5 Liter",106.0,103.0,Gas,FWD,Silver,"Automatic, 6-Spd",4,5,3MYDLBYV6JY317956,2001271380,2416.0,17970,1.5
https://www.carvana.com/vehicle/1840547,1840547,Chevrolet,Impala,20590,2017,Sedan,Available,66479,LT Sedan 4D,2021-10-09 13:13:33,1951 Morgan Rd,Bessemer,AL,35022,18.0,28.0,6.0,"V6, 3.6 Liter",,,Gas,FWD,Black,"Auto, 6-Spd Overdrive",4,5,2G1105S32H9158942,2001040827,,31535,
https://www.carvana.com/vehicle/1799844,1799844,Dodge,Journey,22990,2020,SUV,Available,31299,SE Value Sport Utility 4D,2021-10-09 13:13:36,63 Pierce Rd,Winder,GA,30680,19.0,25.0,4.0,"4-Cyl, 2.4 Liter",,,Gas,FWD,White,"Automatic, 4-Spd w/AutoStick",4,7,3C4PDCAB4LT199212,2000964613,,25170,
https://www.carvana.com/vehicle/2003575,2003575,Buick,Encore,21990,2017,SUV,Available,21367,Sport Touring Sport Utility 4D,2021-10-09 13:13:41,63 Pierce Rd,Winder,GA,30680,25.0,33.0,4.0,"4-Cyl, ECOTEC, 1.4T",138.0,148.0,Gas,FWD,Silver,"Auto, 6-Spd OD ShftCtrl",4,5,KL4CJ1SB1HB132421,2001277231,3237.0,26490,1.4
https://www.carvana.com/vehicle/1994396,1994396,Nissan,Murano,24990,2016,SUV,Available,16387,S Sport Utility 4D,2021-10-09 13:13:42,1123 Cantrell Sansom Rd,Blue Mound,TX,76131,21.0,28.0,6.0,"V6, 3.5 Liter",260.0,240.0,Gas,AWD,Silver,"Automatic, Xtronic CVT",4,5,5N1AZ2MH7GN165946,2001265139,3920.0,33060,3.5
https://www.carvana.com/vehicle/1866954,1866954,Nissan,Frontier King Cab,24990,2019,Truck,Available,21292,S Pickup 2D 6 ft,2021-10-09 13:13:44,1123 Cantrell Sansom Rd,Blue Mound,TX,76131,17.0,22.0,4.0,"4-Cyl, 2.5 Liter",,,Gas,2WD,White,"Automatic, 5-Spd",2,4,1N6BD0CT7KN763672,2001102040,3798.0,24255,
https://www.carvana.com/vehicle/1888637,1888637,Dodge,Charger,24590,2015,Sedan,Available,59435,SE Sedan 4D,2021-10-09 13:13:45,1123 Cantrell Sansom Rd,Blue Mound,TX,76131,19.0,31.0,6.0,"V6, 3.6 Liter",,,Gas,RWD,White,"Auto, 8-Spd w/AutoStk",4,5,2C3CDXBG1FH735499,2001127066,3934.0,29140,
https://www.carvana.com/vehicle/1971083,1971083,Nissan,JUKE,21990,2016,SUV,Available,24313,SV Sport Utility 4D,2021-10-09 13:13:47,1951 Morgan Rd,Bessemer,AL,35022,26.0,31.0,4.0,"4-Cyl, Turbo, 1.6 Liter",188.0,177.0,Gas,AWD,Gray,"Automatic, CVT w/Xtronic",4,5,JN8AF5MV7GT651998,2001244882,3184.0,25090,1.6
https://www.carvana.com/vehicle/2000473,2000473,Buick,Regal Sportback,24990,2018,Sedan,Available,28973,Essence Sedan 4D,2021-10-09 13:13:52,1123 Cantrell Sansom Rd,Blue Mound,TX,76131,22.0,32.0,4.0,"4-Cyl, Turbo, 2.0 Liter",250.0,260.0,Gas,FWD,Gray,"Automatic, 9-Spd",4,5,W04GP6SX0J1092160,2001287052,3902.0,32655,2.0
https://www.carvana.com/vehicle/2004203,2004203,Ford,Fusion,21990,2018,Sedan,Available,23348,S Sedan 4D,2021-10-09 13:13:52,1123 Cantrell Sansom Rd,Blue Mound,TX,76131,21.0,32.0,4.0,"4-Cyl, 2.5 Liter",175.0,175.0,Gas,FWD,Gray,"Automatic, 6-Spd w/SelectShift",4,5,3FA6P0G70JR163151,2001292405,3448.0,23110,2.5
https://www.carvana.com/vehicle/1970706,1970706,Chevrolet,Trax,21990,2020,SUV,Available,15246,LS Sport Utility 4D,2021-10-09 13:13:54,3700 Bannon Island Road,Haines City,FL,33844,26.0,31.0,4.0,"4-Cyl, ECOTEC, Turbo, 1.4 Liter",,,Gas,FWD,Gray,"Automatic, 6-Spd",4,5,3GNCJKSB3LL169187,2001249209,3124.0,22295,
https://www.carvana.com/vehicle/1887513,1887513,Buick,Regal TourX,24990,2018,Wagon,Available,73566,Essence Wagon 4D,2021-10-09 13:13:58,63 Pierce Rd,Winder,GA,30680,21.0,29.0,4.0,"4-Cyl, Turbo, 2.0 Liter",250.0,295.0,Gas,AWD,Red,"Automatic, 8-Spd",4,5,W04GV8SX6J1157109,2001144754,4286.0,35945,2.0
https://www.carvana.com/vehicle/1899032,1899032,Kia,Sorento,21990,2018,SUV,Available,68589,LX Sport Utility 4D,2021-10-09 13:15:03,1925 Concord Pkwy S,Concord,NC,28027,21.0,28.0,4.0,"4-Cyl, GDI, 2.4 Liter",185.0,178.0,Gas,FWD,Silver,"Auto, 6-Spd OD Sptmatc",4,7,5XYPG4A38JG424645,2001152998,3832.0,29905,2.4
https://www.carvana.com/vehicle/2004196,2004196,Honda,Accord,18590,2015,Sedan,Available,51993,LX Sedan 4D,2021-10-09 13:15:05,1951 Morgan Rd,Bessemer,AL,35022,27.0,36.0,4.0,"4-Cyl, i-VTEC, 2.4 Liter",185.0,181.0,Gas,FWD,White,"Auto, CVT w/Sport Mode",4,5,1HGCR2F39FA271739,2001288846,3254.0,23740,2.4
https://www.carvana.com/vehicle/1993739,1993739,Nissan,Altima,21990,2018,Sedan,Available,47888,2.5 SR Sedan 4D,2021-10-09 13:15:08,1925 Concord Pkwy S,Concord,NC,28027,26.0,37.0,4.0,"4-Cyl, 2.5 Liter",179.0,177.0,Gas,FWD,Black,"Automatic, Xtronic CVT",4,5,1N4AL3AP2JC180242,2001274968,3258.0,25215,2.5
https://www.carvana.com/vehicle/2032534,2032534,Nissan,Versa,15990,2019,Sedan,Available,50963,S Sedan 4D,2021-10-09 13:15:10,1123 Cantrell Sansom Rd,Blue Mound,TX,76131,27.0,36.0,4.0,"4-Cyl, 1.6 Liter",,,Gas,FWD,White,"Manual, 5-Spd",4,5,3N1CN7AP0KL825306,2001320816,2395.0,13385,1.6
https://www.carvana.com/vehicle/1821702,1821702,Kia,Forte,19590,2019,Sedan,Available,42764,FE Sedan 4D,2021-10-09 13:15:12,1123 Cantrell Sansom Rd,Blue Mound,TX,76131,31.0,41.0,4.0,"4-Cyl, 2.0 Liter",,,Gas,FWD,Gray,"Automatic, i-CVT",4,5,3KPF24ADXKE076123,2001049415,2903.0,19615,
https://www.carvana.com/vehicle/1974524,1974524,Nissan,Pathfinder,20990,2015,SUV,Available,48630,SV Sport Utility 4D,2021-10-09 13:15:15,1951 Morgan Rd,Bessemer,AL,35022,20.0,27.0,6.0,"V6, 3.5 Liter",260.0,240.0,Gas,2WD,Red,"Automatic, CVT",4,7,5N1AR2MN1FC631662,2001225327,4427.0,35755,3.5
https://www.carvana.com/vehicle/2004732,2004732,Mazda,CX-5,23990,2016,SUV,Available,46975,Grand Touring Sport Utility 4D,2021-10-09 13:15:17,1925 Concord Pkwy S,Concord,NC,28027,24.0,30.0,4.0,"4-Cyl, SKYACTIV-G, 2.5L",184.0,185.0,Gas,AWD,Red,"Auto, 6-Spd Manual Spt",4,5,JM3KE4DY9G0790644,2001292746,3433.0,29120,2.5
https://www.carvana.com/vehicle/2035924,2035924,Chevrolet,Equinox,23990,2018,SUV,Available,32144,LT Sport Utility 4D,2021-10-09 13:15:20,1951 Morgan Rd,Bessemer,AL,35022,26.0,32.0,4.0,"4-Cyl, Turbo, 1.5 Liter",170.0,203.0,Gas,FWD,Gray,"Automatic, 6-Spd w/Overdrive",4,5,3GNAXJEV0JS622609,2001256703,3325.0,27695,1.5
https://www.carvana.com/vehicle/2004302,2004302,Mazda,CX-5,20990,2015,SUV,Available,22337,Sport SUV 4D,2021-10-09 13:15:22,63 Pierce Rd,Winder,GA,30680,25.0,31.0,4.0,"4-Cyl, SKYACTIV-G, 2.0L",155.0,150.0,Gas,AWD,Blue,"Auto, 6-Spd w/MM",4,5,JM3KE4BE5F0448289,2001277170,3291.0,24350,2.0
https://www.carvana.com/vehicle/2000533,2000533,Toyota,Corolla iM,17590,2017,Hatchback,Available,79495,Hatchback 4D,2021-10-09 13:15:24,1123 Cantrell Sansom Rd,Blue Mound,TX,76131,28.0,36.0,4.0,"4-Cyl, 1.8 Liter",,,Gas,FWD,Blue,"Auto, CVTi-S Sport Seq",4,5,JTNKARJE5HJ535878,2001281879,3031.0,20375,1.8
https://www.carvana.com/vehicle/2027788,2027788,Hyundai,Accent,20990,2021,Sedan,Available,15036,SE Sedan 4D,2021-10-09 13:15:26,1925 Concord Pkwy S,Concord,NC,28027,33.0,41.0,4.0,"4-Cyl, 1.6 Liter",120.0,113.0,Gas,FWD,Black,"Automatic, IVT w/Shiftronic",4,5,3KPC24A67ME138620,2001289694,2679.0,17490,1.6
https://www.carvana.com/vehicle/2004356,2004356,Acura,ILX,19990,2015,Sedan,Available,45843,Sedan 4D,2021-10-09 13:15:29,1123 Cantrell Sansom Rd,Blue Mound,TX,76131,24.0,35.0,4.0,"4-Cyl, i-VTEC, 2.0 Liter",150.0,140.0,Gas,FWD,White,"Auto, 5-Spd Seq SptShft",4,5,19VDE1F78FE001628,2001291309,2955.0,27990,2.0
https://www.carvana.com/vehicle/1993732,1993732,Volkswagen,Jetta,20590,2017,Sedan,Available,27657,1.8T SEL Premium Sedan 4D,2021-10-09 13:15:32,63 Pierce Rd,Winder,GA,30680,25.0,35.0,4.0,"4-Cyl, Turbo, 1.8 Liter",,,Gas,FWD,Gray,Auto 6-Spd DSG Tptrnc Spt,4,5,3VWL17AJ9HM408609,2001280678,3177.0,27815,1.8
https://www.carvana.com/vehicle/1841362,1841362,Honda,Accord,23990,2018,Sedan,Available,40651,LX Sedan 4D,2021-10-09 13:15:35,1925 Concord Pkwy S,Concord,NC,28027,30.0,38.0,4.0,"4-Cyl, i-VTEC, Turbo, 1.5 Liter",,,Gas,FWD,Silver,"Auto, CVT w/Sport Mode",4,5,1HGCV1F15JA084799,2001056638,3131.0,24465,
https://www.carvana.com/vehicle/1994643,1994643,Toyota,Corolla,22990,2021,Sedan,Available,10702,LE Sedan 4D,2021-10-09 13:15:37,63 Pierce Rd,Winder,GA,30680,30.0,38.0,4.0,"4-Cyl, 1.8 Liter",139.0,126.0,Gas,FWD,Black,"Automatic, CVT",4,5,JTDEPMAE8MJ164437,2001270541,2955.0,21230,1.8
https://www.carvana.com/vehicle/1959361,1959361,Mercedes-benz,S-Class,24990,2011,Sedan,Available,75392,S 550 Sedan 4D,2021-10-09 13:15:39,1925 Concord Pkwy S,Concord,NC,28027,15.0,23.0,8.0,"V8, 5.5 Liter",382.0,391.0,Gas,RWD,White,"Auto, 7-Spd Touch Shift",4,5,WDDNG7BB0BA402239,2001230590,4455.0,94525,5.5
https://www.carvana.com/vehicle/1974246,1974246,Honda,Civic,20990,2016,Sedan,Available,25834,EX Sedan 4D,2021-10-09 13:15:41,1123 Cantrell Sansom Rd,Blue Mound,TX,76131,31.0,41.0,4.0,"4-Cyl, i-VTEC, 2.0 Liter",158.0,138.0,Gas,FWD,Blue,"Automatic, CVT",4,5,19XFC2F74GE068773,2001254154,2795.0,21875,2.0
https://www.carvana.com/vehicle/1993206,1993206,Hyundai,Sonata,20990,2018,Sedan,Available,36172,SEL Sedan 4D,2021-10-09 13:15:43,1420 Toshiba Dr,Lebanon,TN,37087,25.0,35.0,4.0,"4-Cyl, 2.4 Liter",185.0,178.0,Gas,FWD,Black,"Auto, 6-Spd Shiftronic",4,5,5NPE34AF5JH596363,2001254969,3303.0,24585,2.4
https://www.carvana.com/vehicle/1997763,1997763,Infiniti,G,21990,2013,Sedan,Available,46306,G37x Sedan 4D,2021-10-09 13:16:50,1925 Concord Pkwy S,Concord,NC,28027,18.0,25.0,6.0,"V6, 3.7 Liter",,,Gas,AWD,Silver,"Auto, 7-Spd w/Manual Md",4,5,JN1CV6ARXDM752238,2001286715,3822.0,37955,3.7
https://www.carvana.com/vehicle/1958587,1958587,Kia,Forte5,16990,2016,Hatchback,Available,24442,LX Hatchback 4D,2021-10-09 13:16:53,1951 Morgan Rd,Bessemer,AL,35022,25.0,33.0,4.0,"4-Cyl, GDI, 2.0 Liter",173.0,154.0,Gas,FWD,Blue,"Auto, 6-Spd w/Sportmatic & Active ECO System",4,5,KNAFK5A80G5583850,2001239327,2912.0,20225,2.0
https://www.carvana.com/vehicle/1958585,1958585,Toyota,Corolla,18990,2016,Sedan,Available,50935,S Plus Sedan 4D,2021-10-09 13:16:56,63 Pierce Rd,Winder,GA,30680,29.0,38.0,4.0,"4-Cyl, 1.8 Liter",132.0,128.0,Gas,FWD,Black,"Automatic, CVTi-S",4,5,2T1BURHE6GC551275,2001221274,2865.0,20950,1.8
https://www.carvana.com/vehicle/1946549,1946549,Subaru,Outback,22990,2017,Wagon,Available,49984,2.5i Wagon 4D,2021-10-09 13:16:58,1925 Concord Pkwy S,Concord,NC,28027,25.0,32.0,4.0,"4-Cyl, PZEV, 2.5 Liter",,,Gas,AWD,Silver,"Auto, CVT Manual",4,5,4S4BSAAC5H3358640,2001174285,3580.0,26520,
https://www.carvana.com/vehicle/2000537,2000537,Toyota,Corolla,19990,2017,Sedan,Available,16901,LE Sedan 4D,2021-10-09 13:17:00,1123 Cantrell Sansom Rd,Blue Mound,TX,76131,28.0,36.0,4.0,"4-Cyl, 1.8 Liter",132.0,128.0,Gas,FWD,Black,"Automatic, CVTi-S",4,5,5YFBURHE9HP716821,2001287779,2855.0,19820,1.8
https://www.carvana.com/vehicle/1888134,1888134,Chevrolet,Traverse,21990,2017,SUV,Available,83889,LT Sport Utility 4D,2021-10-09 13:17:02,3700 Bannon Island Road,Haines City,FL,33844,15.0,22.0,6.0,"V6, 3.6 Liter",,,Gas,FWD,Black,"Automatic, 6-Spd",4,8,1GNKRHKD5HJ160689,2001064396,4713.0,35635,
https://www.carvana.com/vehicle/2027555,2027555,Hyundai,Elantra,17990,2016,Sedan,Available,30378,SE Sedan 4D,2021-10-09 13:17:04,1123 Cantrell Sansom Rd,Blue Mound,TX,76131,28.0,38.0,4.0,"4-Cyl, 1.8 Liter",145.0,130.0,Gas,FWD,White,"Auto, 6-Spd Shiftronic",4,5,5NPDH4AE9GH720101,2001306074,2818.0,19085,1.8
https://www.carvana.com/vehicle/1967563,1967563,Buick,Encore,22990,2019,SUV,Available,28219,Essence Sport Utility 4D,2021-10-09 13:17:05,1925 Concord Pkwy S,Concord,NC,28027,26.0,31.0,4.0,"4-Cyl, Turbo, 1.4 Liter",153.0,177.0,Gas,FWD,Red,"Automatic, 6-Spd w/Overdrive & Shift Control",4,5,KL4CJCSM9KB941413,2001243514,3237.0,30545,1.4
https://www.carvana.com/vehicle/1906466,1906466,Jeep,Cherokee,23990,2019,SUV,Available,37622,Latitude Sport Utility 4D,2021-10-09 13:17:08,63 Pierce Rd,Winder,GA,30680,21.0,30.0,4.0,"4-Cyl, Zero Evap, 2.4 Liter",,,Gas,FWD,Burgundy,"Automatic, 9-Spd",4,5,1C4PJLCB7KD164769,2001172332,3953.0,29380,2.4
https://www.carvana.com/vehicle/2024324,2024324,Mini,Hardtop,16590,2012,Hatchback,Available,60968,Cooper S Hatchback 2D,2021-10-09 13:17:10,1123 Cantrell Sansom Rd,Blue Mound,TX,76131,27.0,35.0,4.0,"4-Cyl, Turbo, 1.6 Liter",181.0,177.0,Gas,FWD,Gray,"Manual, 6-Spd",2,4,WMWSV3C51CTY27430,2001313778,2668.0,24550,1.6
https://www.carvana.com/vehicle/1852857,1852857,Toyota,Corolla,21990,2019,Sedan,Available,20063,LE Sedan 4D,2021-10-09 13:17:13,1123 Cantrell Sansom Rd,Blue Mound,TX,76131,28.0,36.0,4.0,"4-Cyl, 1.8 Liter",,,Gas,FWD,White,"Automatic, CVTi-S",4,5,2T1BURHE1KC220435,2001064391,2870.0,20090,
https://www.carvana.com/vehicle/2000554,2000554,Toyota,C-HR,23590,2018,SUV,Available,36839,XLE Premium Sport Utility 4D,2021-10-09 13:17:16,63 Pierce Rd,Winder,GA,30680,27.0,31.0,4.0,"4-Cyl, 2.0 Liter",144.0,139.0,Gas,FWD,Silver,"Automatic, CVTi-S",4,5,NMTKHMBX9JR029710,2001283695,3300.0,25395,2.0
https://www.carvana.com/vehicle/1967836,1967836,Kia,Sorento,21590,2018,SUV,Available,52163,L Sport Utility 4D,2021-10-09 13:17:18,1925 Concord Pkwy S,Concord,NC,28027,21.0,28.0,4.0,"4-Cyl, GDI, 2.4 Liter",185.0,178.0,Gas,FWD,Gray,"Auto, 6-Spd OD Sptmatc",4,5,5XYPG4A30JG406057,2001244064,3832.0,26890,2.4
https://www.carvana.com/vehicle/2000954,2000954,Volkswagen,Jetta,21590,2019,Sedan,Available,91672,1.4T R-Line Sedan 4D,2021-10-09 13:17:21,1951 Morgan Rd,Bessemer,AL,35022,30.0,40.0,4.0,"4-Cyl, Turbo, 1.4 Liter",147.0,184.0,Gas,FWD,White,"Automatic, 8-Spd & Tiptronic",4,5,3VWC57BU5KM053426,2001283558,2970.0,23890,1.4
https://www.carvana.com/vehicle/2024348,2024348,Nissan,Rogue,19590,2015,SUV,Available,63434,SL Sport Utility 4D,2021-10-09 13:17:23,1420 Toshiba Dr,Lebanon,TN,37087,26.0,33.0,4.0,"4-Cyl, 2.5 Liter",170.0,175.0,Gas,FWD,Blue,"Auto, CVT Xtronic",4,5,5N1AT2MT3FC897216,2001317204,3605.0,30530,2.5
https://www.carvana.com/vehicle/1994068,1994068,Jeep,Cherokee,22990,2018,SUV,Available,75699,Limited Sport Utility 4D,2021-10-09 13:17:25,1925 Concord Pkwy S,Concord,NC,28027,21.0,30.0,4.0,"4-Cyl, 2.4 Liter",180.0,171.0,Gas,FWD,Silver,"Automatic, 9-Spd",4,5,1C4PJLDB5JD565475,2001274815,3953.0,34135,2.4
https://www.carvana.com/vehicle/2036039,2036039,Kia,Forte,18590,2018,Sedan,Available,21567,LX Sedan 4D,2021-10-09 13:17:27,63 Pierce Rd,Winder,GA,30680,25.0,34.0,4.0,"4-Cyl, 2.0 Liter",147.0,132.0,Gas,FWD,Black,"Manual, 6-Spd",4,5,3KPFK4A72JE247858,2001315800,2928.0,18045,2.0
https://www.carvana.com/vehicle/1994177,1994177,Honda,Civic,20990,2017,Sedan,Available,70262,EX-L Sedan 4D,2021-10-09 13:17:30,1925 Concord Pkwy S,Concord,NC,28027,32.0,42.0,4.0,"4-Cyl, Turbo, 1.5 Liter",,,Gas,FWD,Black,"Automatic, CVT",4,5,19XFC1F73HE022234,2001257297,2910.0,24690,1.5
https://www.carvana.com/vehicle/2027410,2027410,Buick,Enclave,24590,2015,SUV,Available,51557,Leather Sport Utility 4D,2021-10-09 13:17:33,1123 Cantrell Sansom Rd,Blue Mound,TX,76131,17.0,24.0,6.0,"V6, 3.6 Liter",288.0,270.0,Gas,FWD,White,"Automatic, 6-Spd w/Overdrive",4,8,5GAKRBKD2FJ285783,2001311081,4724.0,47220,3.6
https://www.carvana.com/vehicle/1968360,1968360,Acura,ILX,23590,2016,Sedan,Available,51160,Sedan 4D,2021-10-09 13:17:34,1420 Toshiba Dr,Lebanon,TN,37087,25.0,36.0,4.0,"4-Cyl, i-VTEC, 2.4 Liter",,,Gas,FWD,Gray,"Auto, 8-Spd DCT SptShft",4,5,19UDE2F83GA004092,2001202264,3093.0,28840,
https://www.carvana.com/vehicle/1887341,1887341,Buick,LaCrosse,17590,2014,Sedan,Available,88556,Premium II Sedan 4D,2021-10-09 13:17:36,1951 Morgan Rd,Bessemer,AL,35022,18.0,28.0,6.0,"V6, 3.6 Liter",304.0,264.0,Gas,FWD,Silver,"Auto, 6-Spd Shft Ctrl",4,5,1G4GF5G30EF101954,2001147070,3988.0,40280,3.6
https://www.carvana.com/vehicle/1993715,1993715,Jeep,Cherokee,22990,2019,SUV,Available,49146,Latitude Sport Utility 4D,2021-10-09 13:18:42,63 Pierce Rd,Winder,GA,30680,21.0,30.0,4.0,"4-Cyl, Zero Evap, 2.4 Liter",180.0,171.0,Gas,FWD,Burgundy,"Automatic, 9-Spd",4,5,1C4PJLCB3KD325909,2001270935,3953.0,29380,2.4
https://www.carvana.com/vehicle/2035498,2035498,Mazda,CX-5,18990,2014,SUV,Available,79417,Grand Touring Sport Utility 4D,2021-10-09 13:18:44,1420 Toshiba Dr,Lebanon,TN,37087,24.0,30.0,4.0,"4-Cyl, SKYACTIV-G, 2.5L",184.0,185.0,Gas,AWD,Red,"Auto, 6-Spd w/MM",4,5,JM3KE4DY8E0421593,2001330174,3375.0,29900,2.5
https://www.carvana.com/vehicle/1994030,1994030,Kia,Forte5,17590,2016,Hatchback,Available,28115,LX Hatchback 4D,2021-10-09 13:18:47,1420 Toshiba Dr,Lebanon,TN,37087,25.0,33.0,4.0,"4-Cyl, GDI, 2.0 Liter",173.0,154.0,Gas,FWD,Gray,"Auto, 6-Spd w/Sportmatic & Active ECO System",4,5,KNAFK5A82G5637925,2001269951,2912.0,20225,2.0
https://www.carvana.com/vehicle/1899100,1899100,Chevrolet,Impala,22990,2018,Sedan,Available,75992,LT Sedan 4D,2021-10-09 13:18:49,63 Pierce Rd,Winder,GA,30680,,,6.0,"V6, 3.6 Liter",,,Gas,FWD,Black,"Automatic, 6-Spd",4,5,2G1105S34J9131831,2001102005,,31095,
https://www.carvana.com/vehicle/2000390,2000390,Jeep,Cherokee,17590,2015,SUV,Available,78795,Latitude Sport Utility 4D,2021-10-09 13:18:50,1123 Cantrell Sansom Rd,Blue Mound,TX,76131,22.0,31.0,4.0,"4-Cyl, 2.4 Liter",,,Gas,2WD,Blue,"Automatic, 9-Spd",4,5,1C4PJLCB2FW700456,2001288359,3953.0,29835,2.4
https://www.carvana.com/vehicle/2027557,2027557,Cadillac,XTS,21990,2014,Sedan,Available,64654,Luxury Collection Sedan 4D,2021-10-09 13:18:54,1123 Cantrell Sansom Rd,Blue Mound,TX,76131,18.0,28.0,6.0,"V6, 3.6 Liter",304.0,264.0,Gas,FWD,Gold,"Automatic, 6-Spd",4,5,2G61M5S31E9319937,2001318895,4006.0,51230,3.6
https://www.carvana.com/vehicle/1994351,1994351,Chevrolet,Malibu,21990,2020,Sedan,Available,55215,LS Sedan 4D,2021-10-09 13:18:55,1951 Morgan Rd,Bessemer,AL,35022,29.0,36.0,4.0,"4-Cyl, Turbo, 1.5 Liter",160.0,184.0,Gas,FWD,Gray,"Automatic, CVT",4,5,1G1ZB5ST5LF074949,2001275080,,24495,1.5
https://www.carvana.com/vehicle/1993801,1993801,Mazda,MX-5 Miata,22590,2013,Convertible,Available,36891,Grand Touring Convertible 2D,2021-10-09 13:18:58,600 Creek Road,Delanco,NJ,08075,21.0,28.0,4.0,"4-Cyl, 2.0 Liter",167.0,140.0,Gas,RWD,Black,"Manual, 6-Spd",2,2,JM1NC2NF8D0229781,2001274368,,28145,2.0
https://www.carvana.com/vehicle/1978509,1978509,Chevrolet,Trax,19990,2020,SUV,Available,35031,LS Sport Utility 4D,2021-10-09 13:19:00,1123 Cantrell Sansom Rd,Blue Mound,TX,76131,26.0,31.0,4.0,"4-Cyl, ECOTEC, Turbo, 1.4 Liter",,,Gas,FWD,White,"Automatic, 6-Spd",4,5,3GNCJKSB6LL202442,2001232499,3124.0,22295,
https://www.carvana.com/vehicle/1899139,1899139,Hyundai,Accent,15590,2017,Sedan,Available,61403,Value Edition  Sedan 4D,2021-10-09 13:19:03,63 Pierce Rd,Winder,GA,30680,26.0,36.0,4.0,"4-Cyl, 1.6 Liter",137.0,123.0,Gas,FWD,Silver,"Auto, 6-Spd w/Overdrive",4,5,KMHCT4AE9HU277302,2001158720,2546.0,17335,1.6
https://www.carvana.com/vehicle/1997653,1997653,Chevrolet,Trax,21990,2020,SUV,Available,12786,LS Sport Utility 4D,2021-10-09 13:19:05,63 Pierce Rd,Winder,GA,30680,26.0,31.0,4.0,"4-Cyl, ECOTEC, Turbo, 1.4 Liter",138.0,148.0,Gas,FWD,Gray,"Automatic, 6-Spd",4,5,3GNCJKSB3LL277342,2001271733,3124.0,22295,1.4
https://www.carvana.com/vehicle/1869398,1869398,Honda,Civic,21990,2018,Sedan,Available,32786,LX Sedan 4D,2021-10-09 13:19:08,63 Pierce Rd,Winder,GA,30680,31.0,40.0,4.0,"4-Cyl, i-VTEC, 2.0 Liter",,,Gas,FWD,White,"Automatic, CVT",4,5,2HGFC2F53JH534219,2001109808,2751.0,20635,
https://www.carvana.com/vehicle/2027725,2027725,Hyundai,Sonata,23590,2019,Sedan,Available,16523,SE Sedan 4D,2021-10-09 13:19:11,63 Pierce Rd,Winder,GA,30680,26.0,35.0,4.0,"4-Cyl, SULEV, 2.4 Liter",185.0,178.0,Gas,FWD,Gray,"Automatic, 6-Spd w/Overdrive & Shiftronic",4,5,5NPE24AF1KH812360,2001317272,3247.0,23580,2.4
https://www.carvana.com/vehicle/1997725,1997725,Chevrolet,Volt,20590,2017,Hatchback,Available,53327,LT Hatchback 4D,2021-10-09 13:19:13,1925 Concord Pkwy S,Concord,NC,28027,,,,Voltec Electric Drive,149.0,294.0,Electric,FWD,Blue,Single-Speed Fixed Gear,4,5,1G1RC6S54HU216764,2001282328,3543.0,34095,
https://www.carvana.com/vehicle/1909126,1909126,Ford,Taurus,18990,2017,Sedan,Available,65415,SE Sedan 4D,2021-10-09 13:19:16,1925 Concord Pkwy S,Concord,NC,28027,,,6.0,"V6, 3.5 Liter",,,Gas,FWD,Silver,"Automatic, 6-Spd",4,5,1FAHP2D84HG109550,2001165140,3969.0,28220,
https://www.carvana.com/vehicle/1835012,1835012,Nissan,Altima,16990,2015,Sedan,Available,67244,2.5 S Sedan 4D,2021-10-09 13:19:19,63 Pierce Rd,Winder,GA,30680,27.0,38.0,4.0,"4-Cyl, 2.5 Liter",,,Gas,FWD,Black,"Automatic, Xtronic CVT",4,5,1N4AL3AP5FC172983,2001067817,3193.0,23370,2.5
https://www.carvana.com/vehicle/2003488,2003488,Chevrolet,Malibu,18590,2014,Sedan,Available,46261,LS Sedan 4D,2021-10-09 13:19:21,1925 Concord Pkwy S,Concord,NC,28027,25.0,36.0,4.0,"4-Cyl, 2.5 Liter",196.0,191.0,Gas,FWD,Silver,"Automatic, 6-Spd w/Overdrive & Manual Mode",4,5,1G11B5SL2EF226797,2001261148,,23515,2.5
https://www.carvana.com/vehicle/1967937,1967937,Audi,A3,23590,2016,Sedan,Available,44929,2.0T Premium Sedan 4D,2021-10-09 13:19:24,1925 Concord Pkwy S,Concord,NC,28027,24.0,33.0,4.0,"4-Cyl, Turbo, 2.0 Liter",,,Gas,AWD,Silver,"Auto, 6-Spd S Tronic",4,5,WAUB8GFF7G1117565,2001192472,3362.0,35125,
https://www.carvana.com/vehicle/1959820,1959820,Chrysler,200,15990,2016,Sedan,Available,78705,LX Sedan 4D,2021-10-09 13:19:27,1925 Concord Pkwy S,Concord,NC,28027,23.0,36.0,4.0,"4-Cyl, MultiAir, FF, 2.4L",184.0,173.0,FlexFuel,FWD,Gray,"Automatic, 9-Spd",4,5,1C3CCCFB2GN122942,2001214959,3473.0,23110,2.4
https://www.carvana.com/vehicle/1994157,1994157,Toyota,C-HR,23990,2018,SUV,Available,21352,XLE Sport Utility 4D,2021-10-09 13:19:30,1420 Toshiba Dr,Lebanon,TN,37087,27.0,31.0,4.0,"4-Cyl, 2.0 Liter",144.0,139.0,Gas,FWD,White,"Automatic, CVTi-S",4,5,JTNKHMBX3J1005431,2001216077,3300.0,23545,2.0
https://www.carvana.com/vehicle/2000552,2000552,Volkswagen,Jetta,19990,2019,Sedan,Available,32445,1.4T S Sedan 4D,2021-10-09 13:19:32,1123 Cantrell Sansom Rd,Blue Mound,TX,76131,30.0,40.0,4.0,"4-Cyl, Turbo, 1.4 Liter",147.0,184.0,Gas,FWD,Black,"Manual, 6-Spd",4,5,3VWN57BU1KM111119,2001288129,2970.0,20240,1.4
https://www.carvana.com/vehicle/1993214,1993214,Nissan,Rogue,20990,2018,SUV,Available,56650,S Sport Utility 4D,2021-10-09 13:19:34,1925 Concord Pkwy S,Concord,NC,28027,25.0,32.0,4.0,"4-Cyl, 2.5 Liter",,,Gas,AWD,White,"Auto, CVT Xtronic",4,5,KNMAT2MV9JP554157,2001276972,3454.0,25845,
https://www.carvana.com/vehicle/1939191,1939191,Buick,Encore,19590,2016,SUV,Available,20632,Sport Utility 4D,2021-10-09 13:19:36,1925 Concord Pkwy S,Concord,NC,28027,25.0,33.0,4.0,"4-Cyl, ECOTEC, 1.4T",138.0,148.0,Gas,FWD,Brown,"Auto, 6-Spd OD ShftCtrl",4,5,KL4CJASB9GB579464,2001194711,3237.0,24990,1.4
https://www.carvana.com/vehicle/1984252,1984252,Buick,Regal,22590,2015,Sedan,Available,44821,GS Sedan 4D,2021-10-09 13:20:44,1123 Cantrell Sansom Rd,Blue Mound,TX,76131,21.0,29.0,4.0,"4-Cyl, Turbo, 2.0 Liter",,,Gas,FWD,Red,"Automatic, 6-Spd",4,5,2G4GT5GXXF9232248,2001241292,3725.0,39310,
https://www.carvana.com/vehicle/1974269,1974269,Ford,Edge,22590,2016,SUV,Available,30932,SE Sport Utility 4D,2021-10-09 13:20:46,1123 Cantrell Sansom Rd,Blue Mound,TX,76131,20.0,28.0,4.0,4-Cyl EcoBoost 2.0L,245.0,275.0,Gas,AWD,Black,"Auto, 6-Spd SelShft",4,5,2FMPK4G94GBB55661,2001244566,3912.0,29595,2.0
https://www.carvana.com/vehicle/1993213,1993213,Nissan,Rogue,20590,2017,SUV,Available,55686,SV Sport Utility 4D,2021-10-09 13:20:48,1420 Toshiba Dr,Lebanon,TN,37087,25.0,32.0,4.0,"4-Cyl, 2.5 Liter",170.0,175.0,Gas,AWD,Silver,"Auto, CVT Xtronic",4,7,KNMAT2MV3HP525425,2001273997,3571.0,27565,2.5
https://www.carvana.com/vehicle/1974548,1974548,Honda,Civic,19990,2017,Sedan,Available,42407,LX Sedan 4D,2021-10-09 13:20:51,1951 Morgan Rd,Bessemer,AL,35022,31.0,40.0,4.0,"4-Cyl, i-VTEC, 2.0 Liter",158.0,138.0,Gas,FWD,Gray,"Automatic, CVT",4,5,19XFC2F5XHE035454,2001232271,2751.0,20430,2.0
https://www.carvana.com/vehicle/1928752,1928752,Kia,Optima,15990,2012,Sedan,Available,86300,SX Sedan 4D,2021-10-09 13:20:53,1925 Concord Pkwy S,Concord,NC,28027,22.0,34.0,4.0,"4-Cyl, Turbo, 2.0 Liter",274.0,269.0,Gas,FWD,Gray,"Auto, 6-Spd Sportmatic",4,5,5XXGR4A62CG014905,2001190269,3385.0,27250,2.0
https://www.carvana.com/vehicle/1993956,1993956,Jeep,Renegade,24990,2018,SUV,Available,27269,Limited Sport Utility 4D,2021-10-09 13:20:56,63 Pierce Rd,Winder,GA,30680,21.0,29.0,4.0,"4-Cyl, MultiAir, 2.4L",180.0,175.0,Gas,4WD,Gray,"Automatic, 9-Spd",4,5,ZACCJBDBXJPH44508,2001276645,3327.0,28240,2.4
https://www.carvana.com/vehicle/1999119,1999119,Dodge,Durango,24990,2017,SUV,Available,82229,SXT Sport Utility 4D,2021-10-09 13:20:58,1123 Cantrell Sansom Rd,Blue Mound,TX,76131,19.0,26.0,6.0,"V6, 3.6 Liter",,,Gas,RWD,Gray,"Automatic, 8-Spd",4,7,1C4RDHAG0HC869889,2001264487,4913.0,33690,
https://www.carvana.com/vehicle/1899115,1899115,Ford,Mustang,24590,2016,Coupe,Available,50037,V6 Coupe 2D,2021-10-09 13:21:01,1123 Cantrell Sansom Rd,Blue Mound,TX,76131,19.0,28.0,6.0,"V6, 3.7 Liter",300.0,280.0,Gas,RWD,Silver,"Auto, 6-Spd SelectShift",2,4,1FA6P8AM3G5260031,2001165914,3526.0,26240,3.7
https://www.carvana.com/vehicle/2003465,2003465,Chevrolet,Cruze,18990,2016,Sedan,Available,14107,LT Sedan 4D,2021-10-09 13:21:03,63 Pierce Rd,Winder,GA,30680,30.0,42.0,4.0,"4-Cyl, Turbo, 1.4 Liter",153.0,177.0,Gas,FWD,Red,"Automatic, 6-Spd",4,5,1G1BE5SM0G7242935,2001286381,,21995,1.4
https://www.carvana.com/vehicle/2035763,2035763,Hyundai,Sonata,15990,2013,Sedan,Available,47425,GLS Sedan 4D,2021-10-09 13:21:05,63 Pierce Rd,Winder,GA,30680,24.0,35.0,4.0,"4-Cyl, 2.4 Liter",,,Gas,FWD,Black,"Auto, 6-Spd wShiftronic & Active ECO System",4,5,5NPEB4AC2DH657178,2001320394,3316.0,21670,2.4
https://www.carvana.com/vehicle/1864588,1864588,Buick,Encore,21990,2017,SUV,Available,17312,Sport Utility 4D,2021-10-09 13:21:06,63 Pierce Rd,Winder,GA,30680,25.0,33.0,4.0,"4-Cyl, ECOTEC, 1.4T",,,Gas,FWD,Blue,"Auto, 6-Spd OD ShftCtrl",4,5,KL4CJ3SB4HB156529,2001083446,3237.0,23915,
https://www.carvana.com/vehicle/1967915,1967915,Chevrolet,Equinox,21590,2018,SUV,Available,53664,LT Sport Utility 4D,2021-10-09 13:21:09,63 Pierce Rd,Winder,GA,30680,26.0,32.0,4.0,"4-Cyl, Turbo, 1.5 Liter",170.0,203.0,Gas,FWD,Silver,"Automatic, 6-Spd w/Overdrive",4,5,2GNAXJEV0J6205599,2001249906,3325.0,27695,1.5
https://www.carvana.com/vehicle/2027684,2027684,Ford,Fiesta,16990,2018,Sedan,Available,2603,S Sedan 4D,2021-10-09 13:21:12,63 Pierce Rd,Winder,GA,30680,27.0,37.0,4.0,"4-Cyl, 1.6 Liter",120.0,112.0,Gas,FWD,Silver,"Auto, 6-Spd SelectShift",4,5,3FADP4AJ6JM143437,2001317156,2578.0,15080,1.6
https://www.carvana.com/vehicle/1993168,1993168,Dodge,Grand Caravan Passenger,22990,2018,Minivan,Available,79049,SXT Minivan 4D,2021-10-09 13:21:14,1925 Concord Pkwy S,Concord,NC,28027,17.0,25.0,6.0,"V6, Flex Fuel, 3.6 Liter",283.0,260.0,FlexFuel,FWD,Gray,"Automatic, 6-Spd",4,7,2C4RDGCG4JR135132,2001281871,4510.0,32745,3.6
https://www.carvana.com/vehicle/1869611,1869611,Honda,Civic,24990,2018,Sedan,Available,21807,EX Sedan 4D,2021-10-09 13:21:18,1123 Cantrell Sansom Rd,Blue Mound,TX,76131,31.0,40.0,4.0,"4-Cyl, i-VTEC, 2.0 Liter",,,Gas,FWD,Gray,"Automatic, CVT",4,5,2HGFC2F7XJH559975,2001064483,2795.0,22235,
https://www.carvana.com/vehicle/1951661,1951661,Chevrolet,Colorado Extended Cab,22990,2018,Truck,Available,78745,Work Truck Pickup 2D 6 ft,2021-10-09 13:21:18,1925 Concord Pkwy S,Concord,NC,28027,,,6.0,"V6, VVT, 3.6 Liter",,,Gas,2WD,White,"Automatic, 6-Spd",2,4,1GCHSBEN6J1213463,2001195256,3985.0,26325,
https://www.carvana.com/vehicle/1929571,1929571,Kia,Optima,15990,2013,Sedan,Available,49346,LX Sedan 4D,2021-10-09 13:21:20,1420 Toshiba Dr,Lebanon,TN,37087,24.0,35.0,4.0,"4-Cyl, 2.4 Liter",200.0,186.0,Gas,FWD,White,"Auto, 6-Spd Sportmatic",4,5,5XXGM4A75DG096461,2001191273,3223.0,21975,2.4
https://www.carvana.com/vehicle/1993724,1993724,Dodge,Challenger,23590,2015,Coupe,Available,51371,SXT Coupe 2D,2021-10-09 13:21:22,63 Pierce Rd,Winder,GA,30680,19.0,30.0,6.0,"V6, 3.6 Liter",305.0,268.0,Gas,RWD,Red,"Automatic, 8-Spd",2,5,2C3CDZAG3FH783874,2001267053,3834.0,28185,3.6
https://www.carvana.com/vehicle/2035227,2035227,Nissan,Sentra,17990,2017,Sedan,Available,16168,S Sedan 4D,2021-10-09 13:21:26,1123 Cantrell Sansom Rd,Blue Mound,TX,76131,27.0,37.0,4.0,"4-Cyl, 1.8 Liter",130.0,128.0,Gas,FWD,Gray,"Auto, CVT w/Xtronic",4,5,3N1AB7AP5HY244525,2001312723,2857.0,18975,1.8
https://www.carvana.com/vehicle/1918279,1918279,Dodge,Journey,22590,2018,SUV,Available,36694,SE Sport Utility 4D,2021-10-09 13:21:27,1123 Cantrell Sansom Rd,Blue Mound,TX,76131,16.0,24.0,6.0,"V6, 3.6 Liter",,,Gas,AWD,Silver,"Automatic, 6-Spd w/AutoStick",4,7,3C4PDDAGXJT296302,2001019685,3818.0,23590,
https://www.carvana.com/vehicle/2024319,2024319,Kia,Optima,24990,2018,Sedan,Available,20855,EX Sedan 4D,2021-10-09 13:21:29,1925 Concord Pkwy S,Concord,NC,28027,24.0,34.0,4.0,"4-Cyl, 2.4 Liter",185.0,178.0,Gas,FWD,Black,"Auto, 6-Spd Sportmatic",4,5,5XXGU4L30JG210338,2001305943,3362.0,26595,2.4
https://www.carvana.com/vehicle/1959007,1959007,Ford,Edge,20990,2017,SUV,Available,63069,SE Sport Utility 4D,2021-10-09 13:21:32,63 Pierce Rd,Winder,GA,30680,20.0,27.0,4.0,"4-Cyl, EcoBoost, 2.0L",245.0,275.0,Gas,AWD,White,"Auto, 6-Spd SelShft",4,5,2FMPK4G96HBB30164,2001237789,3927.0,29845,2.0
https://www.carvana.com/vehicle/2027704,2027704,Subaru,Impreza,20990,2016,Sedan,Available,25064,2.0i Premium Sedan 4D,2021-10-09 13:22:39,63 Pierce Rd,Winder,GA,30680,,,4.0,"4-Cyl, PZEV, 2.0 Liter",148.0,145.0,Gas,AWD,Green,"Automatic, CVT w/Manual Mode",4,5,JF1GJAB60GH006207,2001318007,3076.0,21890,2.0
https://www.carvana.com/vehicle/1929263,1929263,Toyota,Camry,14590,2012,Sedan,Available,84940,L Sedan 4D,2021-10-09 13:22:41,1925 Concord Pkwy S,Concord,NC,28027,25.0,35.0,4.0,"4-Cyl, 2.5 Liter",178.0,170.0,Gas,FWD,Beige,"Automatic, 6-Spd",4,5,4T4BF1FKXCR184559,2001183546,3190.0,22715,2.5
https://www.carvana.com/vehicle/2000421,2000421,Ford,Fusion,16990,2016,Sedan,Available,89942,SE Sedan 4D,2021-10-09 13:22:43,63 Pierce Rd,Winder,GA,30680,22.0,33.0,4.0,"4-Cyl, EcoBoost, 2.0T",,,Gas,FWD,Black,"Auto, 6-Spd SelectShift",4,5,3FA6P0T90GR121854,2001256509,3431.0,24705,2.0
https://www.carvana.com/vehicle/1970896,1970896,Kia,Soul,16590,2016,Wagon,Available,47662,Wagon 4D,2021-10-09 13:22:46,1420 Toshiba Dr,Lebanon,TN,37087,24.0,30.0,4.0,"4-Cyl, 1.6 Liter",130.0,118.0,Gas,FWD,Silver,"Manual, 6-Spd",4,5,KNDJN2A25G7830041,2001252132,2784.0,18250,1.6
https://www.carvana.com/vehicle/2035893,2035893,Buick,LaCrosse,19990,2015,Sedan,Available,43179,Leather Sedan 4D,2021-10-09 13:22:49,1420 Toshiba Dr,Lebanon,TN,37087,25.0,36.0,4.0,"4-Cyl, eAssist, 2.4 Liter",182.0,172.0,Hybrid,FWD,White,"Auto, 6-Spd Shft Ctrl",4,5,1G4GB5GR9FF263227,2001332311,3770.0,37320,2.4
https://www.carvana.com/vehicle/2004143,2004143,Honda,CR-V,23990,2016,SUV,Available,26378,EX Sport Utility 4D,2021-10-09 13:22:51,1925 Concord Pkwy S,Concord,NC,28027,26.0,33.0,4.0,"4-Cyl, i-VTEC, 2.4 Liter",185.0,181.0,Gas,2WD,Blue,"Automatic, CVT",4,5,3CZRM3H57GG708825,2001284087,3552.0,28295,2.4
https://www.carvana.com/vehicle/1970976,1970976,Lexus,CT,19990,2013,Hatchback,Available,49722,CT 200h Hatchback 4D,2021-10-09 13:22:53,1123 Cantrell Sansom Rd,Blue Mound,TX,76131,43.0,40.0,4.0,"4-Cyl, Hybrid, 1.8 Liter",134.0,,Hybrid,FWD,Brown,"Automatic, CVT",4,5,JTHKD5BH0D2125571,2001251253,3130.0,32960,1.8
https://www.carvana.com/vehicle/1994347,1994347,Ford,Fusion,21590,2019,Sedan,Available,28818,S Sedan 4D,2021-10-09 13:22:56,1100 Family Dollar,West Memphis,AR,72301,21.0,31.0,4.0,"4-Cyl, 2.5 Liter",175.0,175.0,Gas,FWD,Gray,"Automatic, 6-Spd w/SelectShift",4,5,3FA6P0G78KR280526,2001272723,3410.0,23735,2.5
https://www.carvana.com/vehicle/1994636,1994636,Infiniti,QX30,23590,2017,SUV,Available,45666,Sport Utility 4D,2021-10-09 13:22:58,1925 Concord Pkwy S,Concord,NC,28027,24.0,33.0,4.0,"4-Cyl, Turbo, 2.0 Liter",208.0,258.0,Gas,FWD,Red,"Auto, 7-Spd Dual-Clutch",4,5,SJKCH5CPXHA019833,2001270121,3280.0,30945,2.0
https://www.carvana.com/vehicle/1959756,1959756,Ford,Taurus,17590,2016,Sedan,Available,55486,SE Sedan 4D,2021-10-09 13:23:01,1420 Toshiba Dr,Lebanon,TN,37087,18.0,27.0,6.0,"V6, 3.5 Liter",288.0,254.0,Gas,FWD,White,"Auto, 6-Spd w/SelShft",4,5,1FAHP2D81GG134470,2001231139,3969.0,28095,3.5
https://www.carvana.com/vehicle/1994358,1994358,Honda,HR-V,18590,2016,SUV,Available,68253,LX Sport Utility 4D,2021-10-09 13:23:03,63 Pierce Rd,Winder,GA,30680,25.0,34.0,4.0,"4-Cyl, i-VTEC, 1.8 Liter",141.0,127.0,Gas,2WD,Gray,"Manual, 6-Spd",4,5,3CZRU5G33GM750700,2001277510,2902.0,20795,1.8
https://www.carvana.com/vehicle/1967067,1967067,Ford,Fusion,19590,2018,Sedan,Available,63446,SE Sedan 4D,2021-10-09 13:23:05,1951 Morgan Rd,Bessemer,AL,35022,23.0,34.0,4.0,"4-Cyl, EcoBoost, Turbo, 1.5 Liter",181.0,185.0,Gas,FWD,Black,"Automatic, 6-Spd w/SelectShift",4,5,3FA6P0HD7JR136324,2001243517,3448.0,24385,1.5
https://www.carvana.com/vehicle/1993222,1993222,Infiniti,Q50,22990,2015,Sedan,Available,60514,3.7 Premium Sedan 4D,2021-10-09 13:23:07,1951 Morgan Rd,Bessemer,AL,35022,20.0,29.0,6.0,"V6, 3.7 Liter",328.0,269.0,Gas,RWD,Gray,"Auto, 7-Spd Rev Match",4,5,JN1BV7APXFM355423,2001271931,3611.0,42305,3.7
https://www.carvana.com/vehicle/1925848,1925848,Kia,Forte,18590,2017,Sedan,Available,18215,S Sedan 4D,2021-10-09 13:23:10,1925 Concord Pkwy S,Concord,NC,28027,29.0,38.0,4.0,"4-Cyl, 2.0 Liter",,,Gas,FWD,Black,"Automatic, 6-Spd",4,5,3KPFL4A72HE143281,2001191403,,20490,
https://www.carvana.com/vehicle/1993268,1993268,Nissan,Kicks,19990,2018,SUV,Available,55911,SV Sport Utility 4D,2021-10-09 13:23:12,1951 Morgan Rd,Bessemer,AL,35022,31.0,36.0,4.0,"4-Cyl, 1.6 Liter",125.0,115.0,Gas,FWD,Black,"Auto, CVT Xtronic",4,5,3N1CP5CU8JL520877,2001270172,,20735,1.6
https://www.carvana.com/vehicle/1997711,1997711,Buick,Encore,19590,2016,SUV,Available,60463,Premium Sport Utility 4D,2021-10-09 13:23:15,1925 Concord Pkwy S,Concord,NC,28027,25.0,33.0,4.0,"4-Cyl, ECOTEC, 1.4T",138.0,148.0,Gas,FWD,Red,"Auto, 6-Spd OD ShftCtrl",4,5,KL4CJDSB3GB534327,2001272733,3237.0,30710,1.4
https://www.carvana.com/vehicle/1925827,1925827,Ford,Focus,16990,2017,Sedan,Available,29125,SE Sedan 4D,2021-10-09 13:23:17,1925 Concord Pkwy S,Concord,NC,28027,26.0,36.0,4.0,"4-Cyl, Flex Fuel, 2.0L",,,FlexFuel,FWD,Black,"Auto, 6-Spd Power/Select",4,5,1FADP3F24HL261722,2001195547,2960.0,20590,
https://www.carvana.com/vehicle/1997727,1997727,Jeep,Patriot,16590,2014,SUV,Available,41638,Sport SUV 4D,2021-10-09 13:23:20,1925 Concord Pkwy S,Concord,NC,28027,21.0,28.0,4.0,"4-Cyl, 2.4 Liter",172.0,165.0,Gas,2WD,Red,"Automatic, 6-Spd w/AutoStick",4,5,1C4NJPBB3ED715557,2001274758,3293.0,21585,2.4
https://www.carvana.com/vehicle/1994682,1994682,Buick,Regal,22590,2016,Sedan,Available,32376,Premium II Sedan 4D,2021-10-09 13:23:23,1925 Concord Pkwy S,Concord,NC,28027,21.0,30.0,4.0,"4-Cyl, Turbo, 2.0 Liter",,,Gas,FWD,Silver,"Automatic, 6-Spd",4,5,2G4GS5GX5G9127654,2001265733,3722.0,33490,
https://www.carvana.com/vehicle/1997530,1997530,Gmc,Terrain,23990,2018,SUV,Available,57969,SLE Sport Utility 4D,2021-10-09 13:23:25,63 Pierce Rd,Winder,GA,30680,26.0,30.0,4.0,"4-Cyl, 1.5 Liter",170.0,203.0,Gas,FWD,Gray,"Auto, 9-Spd w/OD",4,5,3GKALMEVXJL145093,2001275973,3449.0,28815,1.5
https://www.carvana.com/vehicle/1933098,1933098,Kia,Optima,19990,2020,Sedan,Available,72404,LX Sedan 4D,2021-10-09 13:23:28,1123 Cantrell Sansom Rd,Blue Mound,TX,76131,24.0,32.0,4.0,"4-Cyl, 2.4 Liter",,,Gas,FWD,Gray,"Automatic, 6-Spd w/H-Matic",4,5,5XXGT4L32LG400051,2001204486,3230.0,24115,2.4
https://www.carvana.com/vehicle/2004899,2004899,Honda,Civic,23590,2019,Sedan,Available,18526,LX Sedan 4D,2021-10-09 13:23:31,1925 Concord Pkwy S,Concord,NC,28027,30.0,38.0,4.0,"4-Cyl, i-VTEC, 2.0 Liter",158.0,138.0,Gas,FWD,White,"Automatic, CVT",4,5,2HGFC2F64KH597856,2001278961,2771.0,21305,2.0
https://www.carvana.com/vehicle/1894434,1894434,Chevrolet,Equinox,20990,2018,SUV,Available,71035,LT Sport Utility 4D,2021-10-09 13:23:33,1123 Cantrell Sansom Rd,Blue Mound,TX,76131,24.0,30.0,4.0,"4-Cyl, Turbo, 1.5 Liter",170.0,203.0,Gas,AWD,Gray,"Automatic, 6-Spd w/Overdrive",4,5,3GNAXSEV1JS573412,2001152858,3325.0,27695,1.5
https://www.carvana.com/vehicle/1969952,1969952,Honda,HR-V,20590,2016,SUV,Available,45896,EX Sport Utility 4D,2021-10-09 13:24:40,1951 Morgan Rd,Bessemer,AL,35022,28.0,35.0,4.0,"4-Cyl, i-VTEC, 1.8 Liter",,,Gas,2WD,Black,"Auto, CVT w/Sport Mode",4,5,3CZRU5H5XGM733473,2001229891,3094.0,24265,
https://www.carvana.com/vehicle/1994141,1994141,Nissan,Maxima,23990,2017,Sedan,Available,74653,SL Sedan 4D,2021-10-09 13:24:43,1123 Cantrell Sansom Rd,Blue Mound,TX,76131,21.0,30.0,6.0,"V6, 3.5 Liter",300.0,261.0,Gas,FWD,Black,"Auto, Xtronic CVT",4,5,1N4AA6AP5HC397012,2001273432,3575.0,37975,3.5
https://www.carvana.com/vehicle/1959353,1959353,Mazda,CX-9,16990,2014,SUV,Available,100259,Touring Sport Utility 4D,2021-10-09 13:24:44,1951 Morgan Rd,Bessemer,AL,35022,16.0,22.0,6.0,"V6, 3.7 Liter",273.0,270.0,Gas,AWD,Gray,"Auto, 6-Spd w/Sptshft",4,7,JM3TB3CV7E0438822,2001211705,4559.0,35425,3.7
https://www.carvana.com/vehicle/1967187,1967187,Ford,EcoSport,20990,2019,SUV,Available,47545,Titanium Sport Utility 4D,2021-10-09 13:24:47,1925 Concord Pkwy S,Concord,NC,28027,23.0,29.0,4.0,"4-Cyl, 2.0 Liter",166.0,149.0,Gas,4WD,Silver,"Automatic, 6-Spd w/SelectShift",4,5,MAJ6S3KL7KC267690,2001175095,3104.0,27255,2.0
https://www.carvana.com/vehicle/2000502,2000502,Ford,Focus,16590,2018,Sedan,Available,49971,SE Sedan 4D,2021-10-09 13:24:49,1951 Morgan Rd,Bessemer,AL,35022,27.0,38.0,3.0,"3-Cyl, EcoBoost, 1.0T",123.0,125.0,Gas,FWD,Black,"Auto, 6-Spd Power/Select",4,5,1FADP3FE2JL330388,2001275750,2960.0,21660,1.0
https://www.carvana.com/vehicle/2003981,2003981,Honda,Civic,16990,2015,Sedan,Available,65559,LX Sedan 4D,2021-10-09 13:24:51,63 Pierce Rd,Winder,GA,30680,30.0,39.0,4.0,"4-Cyl, i-VTEC, 1.8 Liter",,,Gas,FWD,Silver,"Automatic, CVT",4,5,19XFB2F52FE092859,2001282813,2811.0,20125,1.8
https://www.carvana.com/vehicle/1958434,1958434,Chrysler,200,16990,2015,Sedan,Available,45605,Limited Sedan 4D,2021-10-09 13:24:53,63 Pierce Rd,Winder,GA,30680,23.0,36.0,4.0,"4-Cyl, MultiAir, 2.4L",184.0,173.0,Gas,FWD,Burgundy,"Automatic, 9-Spd",4,5,1C3CCCAB7FN613898,2001214919,3473.0,25475,2.4
https://www.carvana.com/vehicle/1994476,1994476,Jeep,Compass,17990,2015,SUV,Available,70828,High Altitude Edition Sport Utility 4D,2021-10-09 13:24:56,1420 Toshiba Dr,Lebanon,TN,37087,22.0,27.0,4.0,"4-Cyl, 2.0 Liter",158.0,141.0,Gas,FWD,Gray,"Automatic, CVT",4,5,1C4NJCEA7FD149593,2001262421,,24885,2.0
https://www.carvana.com/vehicle/2000495,2000495,Chevrolet,Spark,17990,2020,Hatchback,Available,14742,LS Hatchback 4D,2021-10-09 13:24:59,1420 Toshiba Dr,Lebanon,TN,37087,30.0,38.0,4.0,"4-Cyl, ECOTEC, 1.4 Liter",98.0,94.0,Gas,FWD,Red,"Automatic, CVT",4,4,KL8CB6SAXLC472766,2001285408,2278.0,15195,1.4
https://www.carvana.com/vehicle/1856727,1856727,Ford,Fusion,20990,2018,Sedan,Available,51874,SE Hybrid Sedan 4D,2021-10-09 13:25:01,63 Pierce Rd,Winder,GA,30680,43.0,41.0,4.0,"4-Cyl, Hybrid, 2.0 Liter",,,Hybrid,FWD,Gray,"Automatic, eCVT",4,5,3FA6P0LU0JR248888,2001092503,3660.0,28025,
https://www.carvana.com/vehicle/1993186,1993186,Chevrolet,Spark,17590,2019,Hatchback,Available,22808,LS Hatchback 4D,2021-10-09 13:25:02,1925 Concord Pkwy S,Concord,NC,28027,30.0,38.0,4.0,"4-Cyl, ECOTEC, 1.4 Liter",,,Gas,FWD,Red,"Automatic, CVT",4,4,KL8CB6SAXKC733876,2001279019,2278.0,15195,1.4
https://www.carvana.com/vehicle/1959069,1959069,Ford,Edge,24990,2017,SUV,Available,62849,Titanium Sport Utility 4D,2021-10-09 13:25:06,1420 Toshiba Dr,Lebanon,TN,37087,20.0,29.0,4.0,"4-Cyl, EcoBoost, 2.0L",245.0,275.0,Gas,FWD,White,"Auto, 6-Spd SelShft",4,5,2FMPK3K97HBB31812,2001231266,4060.0,37990,2.0
https://www.carvana.com/vehicle/1974489,1974489,Honda,Accord,21990,2017,Sedan,Available,64976,EX Sedan 4D,2021-10-09 13:25:06,63 Pierce Rd,Winder,GA,30680,27.0,36.0,4.0,"4-Cyl, i-VTEC, 2.4 Liter",,,Gas,FWD,Burgundy,"Auto, CVT w/Sport Mode",4,5,1HGCR2F79HA179200,2001252042,3336.0,27520,2.4
https://www.carvana.com/vehicle/2000359,2000359,Ford,Fusion,16990,2015,Sedan,Available,60588,SE Sedan 4D,2021-10-09 13:25:08,63 Pierce Rd,Winder,GA,30680,22.0,34.0,4.0,"4-Cyl, 2.5 Liter",175.0,175.0,Gas,FWD,Silver,"Auto, 6-Spd w/SelShft",4,5,3FA6P0H78FR176963,2001284115,3431.0,24760,2.5
https://www.carvana.com/vehicle/1997523,1997523,Nissan,Altima,19990,2018,Sedan,Available,35331,2.5 S Sedan 4D,2021-10-09 13:25:11,63 Pierce Rd,Winder,GA,30680,27.0,38.0,4.0,"4-Cyl, 2.5 Liter",,,Gas,FWD,Gray,"Automatic, Xtronic CVT",4,5,1N4AL3AP9JC271959,2001279771,3212.0,24545,2.5
https://www.carvana.com/vehicle/1997688,1997688,Ford,Escape,19990,2018,SUV,Available,43194,S Sport Utility 4D,2021-10-09 13:25:14,1951 Morgan Rd,Bessemer,AL,35022,21.0,29.0,4.0,"4-Cyl, 2.5 Liter",168.0,170.0,Gas,FWD,Gray,"Auto, 6-Spd w/SelShft",4,5,1FMCU0F77JUA01593,2001238589,3552.0,24935,2.5
https://www.carvana.com/vehicle/1911953,1911953,Nissan,Altima,20990,2018,Sedan,Available,52800,2.5 SV Sedan 4D,2021-10-09 13:25:17,1925 Concord Pkwy S,Concord,NC,28027,27.0,38.0,4.0,"4-Cyl, 2.5 Liter",,,Gas,FWD,White,"Automatic, Xtronic CVT",4,5,1N4AL3AP8JC138447,2001104713,3233.0,26805,
https://www.carvana.com/vehicle/2027787,2027787,Ford,Fiesta,15990,2016,Sedan,Available,27250,SE Sedan 4D,2021-10-09 13:25:20,1123 Cantrell Sansom Rd,Blue Mound,TX,76131,27.0,35.0,4.0,"4-Cyl, 1.6 Liter",,,Gas,FWD,Red,"Auto, 6-Spd SelectShift",4,5,3FADP4BJ4GM191042,2001286050,2578.0,16635,1.6
https://www.carvana.com/vehicle/2035164,2035164,Honda,Civic,22590,2017,Sedan,Available,5089,LX Sedan 4D,2021-10-09 13:25:22,1123 Cantrell Sansom Rd,Blue Mound,TX,76131,31.0,40.0,4.0,"4-Cyl, i-VTEC, 2.0 Liter",158.0,138.0,Gas,FWD,Silver,"Automatic, CVT",4,5,19XFC2F57HE035332,2001330305,2751.0,20430,2.0
https://www.carvana.com/vehicle/2032337,2032337,Toyota,Corolla,21590,2020,Sedan,Available,29343,LE Sedan 4D,2021-10-09 13:25:25,63 Pierce Rd,Winder,GA,30680,30.0,38.0,4.0,"4-Cyl, 1.8 Liter",,,Gas,FWD,White,"Automatic, CVTi-S",4,5,JTDEPRAE2LJ009491,2001275829,2955.0,20905,1.8
https://www.carvana.com/vehicle/2004200,2004200,Buick,Encore,19990,2017,SUV,Available,42888,Preferred Sport Utility 4D,2021-10-09 13:25:27,1925 Concord Pkwy S,Concord,NC,28027,25.0,33.0,4.0,"4-Cyl, ECOTEC, 1.4T",,,Gas,FWD,Red,"Auto, 6-Spd OD ShftCtrl",4,5,KL4CJASBXHB166793,2001283865,3237.0,25290,1.4
https://www.carvana.com/vehicle/1958530,1958530,Ford,Fusion,18990,2014,Sedan,Available,13900,SE Sedan 4D,2021-10-09 13:25:29,63 Pierce Rd,Winder,GA,30680,22.0,34.0,4.0,"4-Cyl, 2.5 Liter",,,Gas,FWD,Red,"Automatic, 6-Spd",4,5,3FA6P0H78ER388261,2001227596,3427.0,24650,2.5
https://www.carvana.com/vehicle/1967097,1967097,Nissan,Altima,18990,2015,Sedan,Available,29949,2.5 S Sedan 4D,2021-10-09 13:25:32,1123 Cantrell Sansom Rd,Blue Mound,TX,76131,27.0,38.0,4.0,"4-Cyl, 2.5 Liter",182.0,180.0,Gas,FWD,Blue,"Automatic, Xtronic CVT",4,5,1N4AL3AP8FC481878,2001234828,3193.0,23370,2.5
https://www.carvana.com/vehicle/1993916,1993916,Kia,Soul,16590,2013,Wagon,Available,55925,! Wagon 4D,2021-10-09 13:26:39,1951 Morgan Rd,Bessemer,AL,35022,23.0,28.0,4.0,"4-Cyl, 2.0 Liter",164.0,148.0,Gas,FWD,Silver,"Automatic, 6-Spd",4,5,KNDJT2A69D7772794,2001249679,2778.0,20675,2.0
https://www.carvana.com/vehicle/2010056,2010056,Volkswagen,Jetta,23990,2017,Sedan,Available,44380,2.0T GLI Sedan 4D,2021-10-09 13:26:40,1420 Toshiba Dr,Lebanon,TN,37087,24.0,33.0,4.0,"4-Cyl, Turbo, 2.0 Liter",,,Gas,FWD,Red,Auto 6-Spd DSG Tptrnc Spt,4,5,3VW4T7AJ6HM391671,2001300076,3194.0,29815,
https://www.carvana.com/vehicle/1993271,1993271,Dodge,Journey,23990,2019,SUV,Available,30198,SE Sport Utility 4D,2021-10-09 13:26:43,1420 Toshiba Dr,Lebanon,TN,37087,17.0,25.0,6.0,"V6, 3.6 Liter",283.0,260.0,Gas,FWD,Red,"Automatic, 6-Spd w/AutoStick",4,7,3C4PDCBG4KT804855,2001244926,3818.0,24890,3.6
https://www.carvana.com/vehicle/1978524,1978524,Chevrolet,Equinox,21990,2018,SUV,Available,37547,LS Sport Utility 4D,2021-10-09 13:26:45,63 Pierce Rd,Winder,GA,30680,26.0,32.0,4.0,"4-Cyl, Turbo, 1.5 Liter",,,Gas,FWD,Orange,"Automatic, 6-Spd w/Overdrive",4,5,2GNAXHEV6J6177249,2001220676,3274.0,26455,
https://www.carvana.com/vehicle/2038456,2038456,Volkswagen,Passat,21590,2017,Sedan,Available,31016,1.8T R-Line Sedan 4D,2021-10-09 13:26:47,1925 Concord Pkwy S,Concord,NC,28027,23.0,34.0,4.0,"4-Cyl, Turbo, 1.8 Liter",170.0,184.0,Gas,FWD,Black,"Auto, 6-Spd Tiptronic Spt",4,5,1VWDT7A30HC083429,2001312592,3263.0,25120,1.8
https://www.carvana.com/vehicle/1993905,1993905,Acura,ILX,23590,2017,Sedan,Available,28180,Sedan 4D,2021-10-09 13:26:50,63 Pierce Rd,Winder,GA,30680,25.0,35.0,4.0,"4-Cyl, i-VTEC, 2.4 Liter",201.0,180.0,Gas,FWD,Silver,"Auto, 8-Spd DCT SptShft",4,5,19UDE2F32HA013713,2001273744,3093.0,28955,2.4
https://www.carvana.com/vehicle/2038510,2038510,Ford,Fusion,21990,2016,Sedan,Available,23293,Titanium Sedan 4D,2021-10-09 13:26:54,1951 Morgan Rd,Bessemer,AL,35022,22.0,33.0,4.0,"4-Cyl, EcoBoost, 2.0T",240.0,270.0,Gas,FWD,Blue,"Auto, 6-Spd SelectShift",4,5,3FA6P0K97GR302063,2001316690,3526.0,32450,2.0
https://www.carvana.com/vehicle/1935555,1935555,Ford,Edge,21990,2017,SUV,Available,42122,SE Sport Utility 4D,2021-10-09 13:26:55,1123 Cantrell Sansom Rd,Blue Mound,TX,76131,21.0,29.0,4.0,"4-Cyl, EcoBoost, 2.0L",,,Gas,FWD,Gold,"Auto, 6-Spd SelShft",4,5,2FMPK3G9XHBB97957,2001056532,3927.0,29845,
https://www.carvana.com/vehicle/1888697,1888697,Lexus,GS,23990,2013,Sedan,Available,78028,GS 350 Sedan 4D,2021-10-09 13:26:58,1925 Concord Pkwy S,Concord,NC,28027,19.0,26.0,6.0,"V6, 3.5 Liter",,,Gas,AWD,White,"Automatic, 6-Spd",4,5,JTHCE1BL8D5004641,2001134802,3795.0,51795,
https://www.carvana.com/vehicle/2038401,2038401,Scion,xB,18990,2014,Hatchback,Available,15179,Hatchback 4D,2021-10-09 13:27:00,1951 Morgan Rd,Bessemer,AL,35022,22.0,28.0,4.0,"4-Cyl, 2.4 Liter",158.0,162.0,Gas,FWD,Silver,"Automatic, 4-Spd",4,5,JTLZE4FE7EJ055473,2001319533,3084.0,21309,2.4
https://www.carvana.com/vehicle/2003946,2003946,Toyota,Camry,24990,2019,Sedan,Available,16102,LE Sedan 4D,2021-10-09 13:27:04,1951 Morgan Rd,Bessemer,AL,35022,28.0,39.0,4.0,"4-Cyl, 2.5 Liter",,,Gas,FWD,Blue,"Automatic, 8-Spd w/Sequential Shift",4,5,4T1B11HK3KU299623,2001294318,3296.0,25555,2.5
https://www.carvana.com/vehicle/1864519,1864519,Toyota,Corolla,19990,2018,Sedan,Available,38565,SE Sedan 4D,2021-10-09 13:27:05,63 Pierce Rd,Winder,GA,30680,28.0,36.0,4.0,"4-Cyl, 1.8 Liter",132.0,128.0,Gas,FWD,Silver,"Automatic, CVTi-S",4,5,2T1BURHE5JC018714,2001108788,2865.0,21465,1.8
https://www.carvana.com/vehicle/1959035,1959035,Nissan,Kicks,21990,2018,SUV,Available,22475,SV Sport Utility 4D,2021-10-09 13:27:08,63 Pierce Rd,Winder,GA,30680,31.0,36.0,4.0,"4-Cyl, 1.6 Liter",125.0,115.0,Gas,FWD,Orange,"Auto, CVT Xtronic",4,5,3N1CP5CU4JL545176,2001231179,,20735,1.6
https://www.carvana.com/vehicle/1887861,1887861,Mitsubishi,Mirage,14990,2019,Hatchback,Available,40646,ES Hatchback 4D,2021-10-09 13:27:11,1123 Cantrell Sansom Rd,Blue Mound,TX,76131,33.0,41.0,3.0,"3-Cyl, 1.2 Liter",78.0,74.0,Gas,FWD,White,"Manual, 5-Spd",4,5,ML32A3HJ7KH004204,2001144289,2018.0,14925,1.2
https://www.carvana.com/vehicle/1994511,1994511,Ford,Focus,16990,2016,Sedan,Available,16510,SE Sedan 4D,2021-10-09 13:27:13,1951 Morgan Rd,Bessemer,AL,35022,26.0,38.0,4.0,"4-Cyl, Flex Fuel, 2.0L",160.0,146.0,FlexFuel,FWD,Red,"Auto, 6-Spd Power/Select",4,5,1FADP3F21GL207955,2001270637,2960.0,20935,2.0
https://www.carvana.com/vehicle/2027756,2027756,Ford,Focus,20590,2018,Sedan,Available,13966,SE Sedan 4D,2021-10-09 13:27:16,63 Pierce Rd,Winder,GA,30680,26.0,38.0,4.0,"4-Cyl, 2.0 Liter",160.0,146.0,Gas,FWD,Gray,"Auto, 6-Spd Powershift",4,5,1FADP3F20JL201068,2001291945,2960.0,21660,2.0
https://www.carvana.com/vehicle/1974558,1974558,Toyota,Corolla Hatchback,21990,2019,Hatchback,Available,27556,SE Hatchback 4D,2021-10-09 13:27:18,1951 Morgan Rd,Bessemer,AL,35022,28.0,37.0,4.0,"4-Cyl, Dynamic-Force, 2.0 Liter",168.0,151.0,Gas,FWD,Silver,"Manual, 6-Spd",4,5,JTNK4RBE6K3052921,2001256983,3060.0,22195,2.0
https://www.carvana.com/vehicle/2004932,2004932,Mazda,MAZDA3,21990,2018,Sedan,Available,34012,Touring Sedan 4D,2021-10-09 13:27:20,1925 Concord Pkwy S,Concord,NC,28027,27.0,36.0,4.0,"4-Cyl, SKYACTIV-G, 2.5L",184.0,185.0,Gas,FWD,Blue,"Auto, 6-Spd SKYACTIV-Drv",4,5,3MZBN1V38JM219755,2001268968,3100.0,22015,2.5
https://www.carvana.com/vehicle/2001300,2001300,Kia,Rio,21990,2020,Sedan,Available,4709,LX Sedan 4D,2021-10-09 13:27:22,1951 Morgan Rd,Bessemer,AL,35022,33.0,41.0,4.0,"4-Cyl, 1.6 Liter",120.0,112.0,Gas,FWD,White,"Automatic, IVT",4,5,3KPA24ADXLE315181,2001280712,,16815,1.6
https://www.carvana.com/vehicle/1993834,1993834,Jeep,Grand Cherokee,24590,2015,SUV,Available,64391,Limited Sport Utility 4D,2021-10-09 13:27:24,1123 Cantrell Sansom Rd,Blue Mound,TX,76131,17.0,25.0,6.0,"V6, Flex Fuel, 3.6 Liter",,,FlexFuel,2WD,White,"Automatic, 8-Spd",4,5,1C4RJEBG9FC841172,2001277938,4875.0,41155,3.6
https://www.carvana.com/vehicle/1974281,1974281,Hyundai,Sonata,17990,2013,Sedan,Available,42737,Limited Sedan 4D,2021-10-09 13:27:27,63 Pierce Rd,Winder,GA,30680,24.0,35.0,4.0,"4-Cyl, 2.4 Liter",,,Gas,FWD,Silver,"Auto, 6-Spd wShiftronic & Active ECO System",4,5,5NPEC4AC0DH680505,2001242718,3316.0,26620,2.4
https://www.carvana.com/vehicle/1967186,1967186,Hyundai,Elantra,19990,2019,Sedan,Available,20322,SEL Sedan 4D,2021-10-09 13:27:29,1925 Concord Pkwy S,Concord,NC,28027,28.0,37.0,4.0,"4-Cyl, 2.0 Liter",147.0,132.0,Gas,FWD,Silver,"Automatic, 6-Spd w/Shiftronic",4,5,5NPD84LFXKH461407,2001245101,2844.0,20430,2.0
https://www.carvana.com/vehicle/2003964,2003964,Toyota,Camry,21990,2018,Sedan,Available,69531,LE Sedan 4D,2021-10-09 13:27:31,1925 Concord Pkwy S,Concord,NC,28027,28.0,39.0,4.0,"4-Cyl, 2.5 Liter",203.0,184.0,Gas,FWD,Gray,"Auto, 8-Spd SeqShft",4,5,4T1B11HK3JU071586,2001294611,3296.0,25070,2.5
https://www.carvana.com/vehicle/2035395,2035395,Kia,Optima,23990,2018,Sedan,Available,6845,LX Sedan 4D,2021-10-09 13:28:37,1951 Morgan Rd,Bessemer,AL,35022,24.0,34.0,4.0,"4-Cyl, 2.4 Liter",185.0,178.0,Gas,FWD,White,"Auto, 6-Spd Sportmatic",4,5,5XXGT4L33JG244504,2001323056,3219.0,23495,2.4
https://www.carvana.com/vehicle/2000350,2000350,Chrysler,300,17990,2014,Sedan,Available,71364,300 Sedan 4D,2021-10-09 13:28:40,1123 Cantrell Sansom Rd,Blue Mound,TX,76131,19.0,31.0,6.0,"V6, 3.6 Liter",,,Gas,RWD,Gray,"Automatic, 8-Spd",4,5,2C3CCAAG1EH357149,2001291217,3999.0,32365,3.6
https://www.carvana.com/vehicle/2000955,2000955,Volkswagen,Beetle,17590,2013,Hatchback,Available,54742,Turbo Hatchback 2D,2021-10-09 13:28:42,63 Pierce Rd,Winder,GA,30680,21.0,30.0,4.0,"4-Cyl, PZEV, 2.0T",200.0,207.0,Gas,FWD,Black,"Manual, 6-Spd",2,4,3VW4A7AT3DM608675,2001271470,3042.0,25165,2.0
https://www.carvana.com/vehicle/1925751,1925751,Mitsubishi,Mirage G4,17590,2020,Sedan,Available,6827,ES Sedan 4D,2021-10-09 13:28:43,1925 Concord Pkwy S,Concord,NC,28027,35.0,41.0,3.0,"3-Cyl, 1.2 Liter",78.0,74.0,Gas,FWD,Red,"Automatic, CVT",4,5,ML32F3FJ0LHF00227,2001196591,2117.0,16135,1.2
https://www.carvana.com/vehicle/1856300,1856300,Jeep,Renegade,22590,2018,SUV,Available,26947,Altitude Sport Utility 4D,2021-10-09 13:28:47,1951 Morgan Rd,Bessemer,AL,35022,,,4.0,"4-Cyl, MultiAir, 2.4L",,,Gas,2WD,Silver,"Automatic, 9-Spd",4,5,ZACCJABB7JPJ40389,2001104718,3210.0,26665,
https://www.carvana.com/vehicle/1993784,1993784,Mitsubishi,Outlander Sport,19990,2019,SUV,Available,38114,ES Sport Utility 4D,2021-10-09 13:28:48,1123 Cantrell Sansom Rd,Blue Mound,TX,76131,24.0,30.0,4.0,"4-Cyl, 2.0 Liter",,,Gas,2WD,White,"Automatic, CVT w/Sportronic",4,5,JA4AP3AU2KU005855,2001236662,3109.0,23935,
https://www.carvana.com/vehicle/1994037,1994037,Nissan,Sentra,20990,2019,Sedan,Available,21585,SV Sedan 4D,2021-10-09 13:28:51,63 Pierce Rd,Winder,GA,30680,29.0,37.0,4.0,"4-Cyl, 1.8 Liter",124.0,125.0,Gas,FWD,Black,"Automatic, CVT w/Xtronic",4,5,3N1AB7AP3KY213118,2001277548,2895.0,20115,1.8
https://www.carvana.com/vehicle/1993766,1993766,Gmc,Acadia,19990,2014,SUV,Available,85789,SLE-2 Sport Utility 4D,2021-10-09 13:28:54,1123 Cantrell Sansom Rd,Blue Mound,TX,76131,16.0,23.0,6.0,"V6, 3.6 Liter",288.0,270.0,Gas,AWD,Silver,"Automatic, 6-Spd",4,8,1GKKVPKD7EJ140720,2001278594,4656.0,37510,3.6
https://www.carvana.com/vehicle/1956866,1956866,Jeep,Cherokee,21590,2019,SUV,Available,72888,Latitude Sport Utility 4D,2021-10-09 13:28:56,63 Pierce Rd,Winder,GA,30680,21.0,30.0,4.0,"4-Cyl, Zero Evap, 2.4 Liter",,,Gas,FWD,Green,"Automatic, 9-Spd",4,5,1C4PJLCB2KD109467,2001216172,3953.0,29380,
https://www.carvana.com/vehicle/1830098,1830098,Kia,Sorento,21590,2017,SUV,Available,29162,L Sport Utility 4D,2021-10-09 13:28:58,63 Pierce Rd,Winder,GA,30680,21.0,28.0,4.0,"4-Cyl, GDI, 2.4 Liter",,,Gas,FWD,Gray,"Auto, 6-Spd OD Sptmatc",4,5,5XYPG4A35HG267392,2001026973,3832.0,26495,
https://www.carvana.com/vehicle/1899189,1899189,Jeep,Patriot,17990,2016,SUV,Available,46652,Sport SUV 4D,2021-10-09 13:29:01,1123 Cantrell Sansom Rd,Blue Mound,TX,76131,23.0,30.0,4.0,"4-Cyl, 2.0 Liter",158.0,141.0,Gas,FWD,Black,"Manual, 5-Spd",4,5,1C4NJPBA7GD718097,2001164949,3290.0,23515,2.0
https://www.carvana.com/vehicle/1970637,1970637,Toyota,Corolla,20990,2019,Sedan,Available,19547,LE Sedan 4D,2021-10-09 13:29:04,1925 Concord Pkwy S,Concord,NC,28027,28.0,36.0,4.0,"4-Cyl, 1.8 Liter",132.0,128.0,Gas,FWD,Blue,"Automatic, CVTi-S",4,5,2T1BURHE3KC220050,2001253711,2870.0,20090,1.8
https://www.carvana.com/vehicle/2003442,2003442,Hyundai,Sonata,16590,2014,Sedan,Available,44955,GLS Sedan 4D,2021-10-09 13:29:06,63 Pierce Rd,Winder,GA,30680,24.0,35.0,4.0,"4-Cyl, 2.4 Liter",198.0,184.0,Gas,FWD,Silver,"Auto, 6-Spd w/Shiftronic & Active ECO System",4,5,5NPEB4AC2EH897140,2001288100,,22145,2.4
https://www.carvana.com/vehicle/1997764,1997764,Nissan,Frontier King Cab,24990,2018,Truck,Available,1994,S Pickup 2D 6 ft,2021-10-09 13:29:09,1123 Cantrell Sansom Rd,Blue Mound,TX,76131,19.0,23.0,4.0,"4-Cyl, 2.5 Liter",,,Gas,2WD,Black,"Manual, 5-Spd",2,4,1N6BD0CT4JN758220,2001284265,3803.0,23705,2.5
https://www.carvana.com/vehicle/1881280,1881280,Gmc,Acadia,22990,2016,SUV,Available,89940,SLT-1 Sport Utility 4D,2021-10-09 13:29:12,63 Pierce Rd,Winder,GA,30680,15.0,22.0,6.0,"V6, 3.6 Liter",,,Gas,FWD,Silver,"Automatic, 6-Spd",4,8,1GKKRRKD1GJ101088,2001133808,4850.0,44650,
https://www.carvana.com/vehicle/1949033,1949033,Hyundai,Elantra,22590,2020,Sedan,Available,31045,SEL Sedan 4D,2021-10-09 13:29:14,1925 Concord Pkwy S,Concord,NC,28027,30.0,40.0,4.0,"4-Cyl, 2.0 Liter",,,Gas,FWD,Black,"Automatic, IVT",4,5,5NPD84LF2LH556769,2001112385,2844.0,21025,
https://www.carvana.com/vehicle/1971045,1971045,Hyundai,Santa Fe Sport,18990,2014,SUV,Available,46861,Sport Utility 4D,2021-10-09 13:29:18,1925 Concord Pkwy S,Concord,NC,28027,20.0,27.0,4.0,"4-Cyl, GDI, 2.4 Liter",190.0,181.0,Gas,2WD,Black,"Auto, 6-Spd Shftrnc",4,5,5XYZU3LB0EG177692,2001241690,3459.0,25825,2.4
https://www.carvana.com/vehicle/2032346,2032346,Kia,Soul,22990,2021,Wagon,Available,6569,S Wagon 4D,2021-10-09 13:29:19,63 Pierce Rd,Winder,GA,30680,28.0,33.0,4.0,"4-Cyl, 2.0 Liter",147.0,132.0,Gas,FWD,Red,"Automatic, i-VT",4,5,KNDJ23AU1M7777365,2001312803,2844.0,21865,2.0
https://www.carvana.com/vehicle/2026989,2026989,Kia,Forte,20990,2020,Sedan,Available,16273,LXS Sedan 4D,2021-10-09 13:29:21,1951 Morgan Rd,Bessemer,AL,35022,29.0,40.0,4.0,"4-Cyl, 2.0 Liter",147.0,132.0,Gas,FWD,Gray,"Automatic, IVT",4,5,3KPF24AD1LE233233,2001309750,2903.0,20255,2.0
https://www.carvana.com/vehicle/1952670,1952670,Hyundai,Elantra,16990,2016,Sedan,Available,50260,SE Sedan 4D,2021-10-09 13:29:24,63 Pierce Rd,Winder,GA,30680,28.0,38.0,4.0,"4-Cyl, 1.8 Liter",145.0,130.0,Gas,FWD,Black,"Auto, 6-Spd Shiftronic",4,5,KMHDH4AE1GU645766,2001216540,2818.0,19085,1.8
https://www.carvana.com/vehicle/1821082,1821082,Honda,Civic,21990,2019,Sedan,Available,38137,LX Sedan 4D,2021-10-09 13:29:26,1925 Concord Pkwy S,Concord,NC,28027,30.0,38.0,4.0,"4-Cyl, i-VTEC, 2.0 Liter",,,Gas,FWD,Gray,"Automatic, CVT",4,5,2HGFC2F68KH596743,2000988870,2771.0,21305,
https://www.carvana.com/vehicle/2003960,2003960,Ford,Escape,21990,2016,SUV,Available,45799,Titanium Sport Utility 4D,2021-10-09 13:29:29,1925 Concord Pkwy S,Concord,NC,28027,21.0,28.0,4.0,"4-Cyl, EcoBoost, 2.0T",240.0,270.0,Gas,4WD,White,"Auto, 6-Spd SelectShift",4,5,1FMCU9J98GUB78658,2001283162,3678.0,33345,2.0
https://www.carvana.com/vehicle/1847570,1847570,Kia,Sportage,20990,2018,SUV,Available,47481,LX Sport Utility 4D,2021-10-09 13:29:31,63 Pierce Rd,Winder,GA,30680,21.0,25.0,4.0,"4-Cyl, GDI, 2.4 Liter",,,Gas,AWD,Brown,"Automatic, 6-Spd w/Overdrive & Sportmatic",4,5,KNDPMCAC2J7348422,2001061820,3305.0,24590,
https://www.carvana.com/vehicle/1959786,1959786,Ford,Focus,24590,2016,Hatchback,Available,35423,ST Hatchback 4D,2021-10-09 13:29:34,1123 Cantrell Sansom Rd,Blue Mound,TX,76131,22.0,31.0,4.0,"4-Cyl, EcoBoost, 2.0T",,,Gas,FWD,Blue,"Manual, 6-Spd",4,5,1FADP3L96GL404833,2001228747,3223.0,25795,2.0
https://www.carvana.com/vehicle/2035863,2035863,Toyota,Tacoma Access Cab,22990,2012,Truck,Available,54527,Pickup 4D 6 ft,2021-10-09 13:30:43,1925 Concord Pkwy S,Concord,NC,28027,,,4.0,"4-Cyl, 2.7 Liter",159.0,180.0,Gas,2WD,White,"Automatic, 5-Spd",4,4,5TFTX4CN0CX016783,2001323553,3625.0,21665,2.7
https://www.carvana.com/vehicle/1997555,1997555,Toyota,RAV4,22990,2017,SUV,Available,71930,XLE Sport Utility 4D,2021-10-09 13:30:45,1123 Cantrell Sansom Rd,Blue Mound,TX,76131,23.0,30.0,4.0,"4-Cyl, 2.5 Liter",176.0,172.0,Gas,FWD,Purple,"Automatic, 6-Spd",4,5,2T3WFREV3HW330983,2001285731,3605.0,28219,2.5
https://www.carvana.com/vehicle/2032526,2032526,Kia,Rio,16990,2017,Sedan,Available,6707,LX Sedan 4D,2021-10-09 13:30:48,1123 Cantrell Sansom Rd,Blue Mound,TX,76131,27.0,36.0,4.0,"4-Cyl, 1.6 Liter",138.0,123.0,Gas,FWD,Silver,"Automatic, 6-Spd",4,5,KNADM4A35H6025990,2001304632,2573.0,16290,1.6
https://www.carvana.com/vehicle/2035997,2035997,Nissan,Kicks,21990,2019,SUV,Available,12667,S Sport Utility 4D,2021-10-09 13:30:51,1925 Concord Pkwy S,Concord,NC,28027,31.0,36.0,4.0,"4-Cyl, 1.6 Liter",122.0,114.0,Gas,FWD,Black,"Auto, CVT Xtronic",4,5,3N1CP5CU9KL522512,2001323059,2639.0,19735,1.6
https://www.carvana.com/vehicle/1898997,1898997,Nissan,Sentra,17990,2018,Sedan,Available,24963,S Sedan 4D,2021-10-09 13:30:52,1420 Toshiba Dr,Lebanon,TN,37087,27.0,35.0,4.0,"4-Cyl, 1.8 Liter",130.0,128.0,Gas,FWD,Silver,"Manual, 6-Spd",4,5,3N1AB7AP5JY228380,2001142726,2874.0,19170,1.8
https://www.carvana.com/vehicle/1925548,1925548,Volkswagen,Jetta,20590,2019,Sedan,Available,31539,1.4T S Sedan 4D,2021-10-09 13:30:54,1925 Concord Pkwy S,Concord,NC,28027,30.0,40.0,4.0,"4-Cyl, Turbo, 1.4 Liter",,,Gas,FWD,Gray,"Automatic, 8-Spd & Tiptronic",4,5,3VWC57BU1KM120619,2001185669,2970.0,20240,
https://www.carvana.com/vehicle/1993894,1993894,Volkswagen,Passat,19590,2017,Sedan,Available,51097,1.8T SE Sedan 4D,2021-10-09 13:30:55,1951 Morgan Rd,Bessemer,AL,35022,23.0,34.0,4.0,"4-Cyl, Turbo, 1.8 Liter",170.0,184.0,Gas,FWD,Gray,"Auto, 6-Spd Tiptronic Spt",4,5,1VWBT7A38HC007707,2001272406,3263.0,26640,1.8
https://www.carvana.com/vehicle/1899456,1899456,Acura,TLX,18990,2015,Sedan,Available,85591,2.4 Sedan 4D,2021-10-09 13:30:58,1123 Cantrell Sansom Rd,Blue Mound,TX,76131,24.0,35.0,4.0,"4-Cyl, VTEC, 2.4 Liter",206.0,182.0,Gas,FWD,Silver,"Auto, 8-Spd DCT SptShft",4,5,19UUB1F37FA022200,2001138997,3483.0,34725,2.4
https://www.carvana.com/vehicle/1856416,1856416,Toyota,Camry,21590,2017,Sedan,Available,41220,SE Sedan 4D,2021-10-09 13:31:01,1925 Concord Pkwy S,Concord,NC,28027,24.0,33.0,4.0,"4-Cyl, 2.5 Liter",,,Gas,FWD,White,"Auto, 6-Spd SeqShft",4,5,4T1BF1FK6HU415507,2001049485,3300.0,25084,
https://www.carvana.com/vehicle/1994095,1994095,Bmw,i3,16990,2014,Hatchback,Available,50335,Hatchback 4D,2021-10-09 13:31:03,63 Pierce Rd,Winder,GA,30680,,,,AC Electric Motor,168.0,184.0,Electric,RWD,Gray,"Automatic, 1-Spd",4,4,WBY1Z2C50EV283733,2001277624,2860.0,42650,
https://www.carvana.com/vehicle/1997698,1997698,Hyundai,Elantra,19990,2020,Sedan,Available,28359,SE Sedan 4D,2021-10-09 13:31:05,1925 Concord Pkwy S,Concord,NC,28027,31.0,41.0,4.0,"4-Cyl, 2.0 Liter",147.0,132.0,Gas,FWD,Blue,"Automatic, IVT",4,5,5NPD74LF7LH543955,2001250498,2844.0,20275,2.0
https://www.carvana.com/vehicle/2027006,2027006,Toyota,Camry,19990,2014,Sedan,Available,40384,Hybrid XLE Sedan 4D,2021-10-09 13:31:07,1951 Morgan Rd,Bessemer,AL,35022,40.0,38.0,4.0,"4-Cyl, Hybrid, 2.5 Liter",200.0,,Hybrid,FWD,White,"Automatic, CVT",4,5,4T1BD1FK6EU102684,2001296099,3525.0,30494,2.5
https://www.carvana.com/vehicle/1959184,1959184,Volkswagen,Jetta,18990,2017,Sedan,Available,38544,1.4T SE Sedan 4D,2021-10-09 13:31:10,3700 Bannon Island Road,Haines City,FL,33844,28.0,38.0,4.0,"4-Cyl, Turbo, 1.4 Liter",,,Gas,FWD,Red,Auto 6-Spd w/Tptrnc & Spt,4,5,3VWDB7AJ0HM403249,2001181040,3025.0,22815,
https://www.carvana.com/vehicle/1864495,1864495,Subaru,XV Crosstrek,18990,2014,SUV,Available,80296,Premium Sport Utility 4D,2021-10-09 13:31:13,1951 Morgan Rd,Bessemer,AL,35022,25.0,33.0,4.0,"4-Cyl, PZEV, 2.0 Liter",148.0,145.0,Gas,AWD,Silver,"Auto, CVT Manual Mode",4,5,JF2GPACC0E8272774,2001115022,3208.0,23820,2.0
https://www.carvana.com/vehicle/2003463,2003463,Ford,Fusion,20990,2018,Sedan,Available,44635,SE Sedan 4D,2021-10-09 13:31:16,63 Pierce Rd,Winder,GA,30680,23.0,34.0,4.0,"4-Cyl, EcoBoost, Turbo, 1.5 Liter",181.0,185.0,Gas,FWD,Silver,"Automatic, 6-Spd w/SelectShift",4,5,3FA6P0HD6JR232185,2001290342,3448.0,24385,1.5
https://www.carvana.com/vehicle/2004374,2004374,Chevrolet,Impala,22590,2018,Sedan,Available,67497,LT Sedan 4D,2021-10-09 13:31:17,63 Pierce Rd,Winder,GA,30680,,,6.0,"V6, 3.6 Liter",305.0,264.0,Gas,FWD,White,"Automatic, 6-Spd",4,5,2G1105S36J9131961,2001285170,,31095,3.6
https://www.carvana.com/vehicle/2024342,2024342,Honda,Accord,20990,2017,Sedan,Available,77074,Sport Sedan 4D,2021-10-09 13:31:20,1420 Toshiba Dr,Lebanon,TN,37087,26.0,34.0,4.0,"4-Cyl, PZEV, 2.4 Liter",189.0,182.0,Gas,FWD,White,"Auto, CVT w/Sport Mode",4,5,1HGCR2F54HA183685,2001305610,3369.0,26205,2.4
https://www.carvana.com/vehicle/2001248,2001248,Toyota,RAV4,22990,2016,SUV,Available,32521,LE Sport Utility 4D,2021-10-09 13:31:22,1123 Cantrell Sansom Rd,Blue Mound,TX,76131,24.0,31.0,4.0,"4-Cyl, 2.5 Liter",176.0,172.0,Gas,FWD,Silver,"Automatic, 6-Spd",4,5,2T3ZFREV0GW308905,2001291929,3570.0,27069,2.5
https://www.carvana.com/vehicle/1952602,1952602,Acura,ILX,20990,2016,Sedan,Available,49415,Sedan 4D,2021-10-09 13:31:25,1925 Concord Pkwy S,Concord,NC,28027,25.0,36.0,4.0,"4-Cyl, i-VTEC, 2.4 Liter",201.0,180.0,Gas,FWD,Black,"Auto, 8-Spd DCT SptShft",4,5,19UDE2F89GA007000,2001217834,3093.0,28840,2.4
https://www.carvana.com/vehicle/1959076,1959076,Volkswagen,Jetta,14990,2014,Sedan,Available,52608,2.0L S Sedan 4D,2021-10-09 13:31:27,63 Pierce Rd,Winder,GA,30680,23.0,29.0,4.0,"4-Cyl, 2.0 Liter",115.0,125.0,Gas,FWD,White,Auto 6-Spd w/Tptrnc & Spt,4,5,3VW2K7AJ1EM437218,2001237311,2935.0,20140,2.0
https://www.carvana.com/vehicle/1978518,1978518,Nissan,Maxima,23990,2016,Sedan,Available,62325,SV Sedan 4D,2021-10-09 13:31:30,63 Pierce Rd,Winder,GA,30680,22.0,30.0,6.0,"V6, 3.5 Liter",,,Gas,FWD,White,"Automatic, CVT",4,5,1N4AA6AP8GC408082,2001229920,3488.0,35355,
https://www.carvana.com/vehicle/1993899,1993899,Buick,Encore,20590,2016,SUV,Available,16684,Convenience Sport Utility 4D,2021-10-09 13:31:32,1420 Toshiba Dr,Lebanon,TN,37087,25.0,33.0,4.0,"4-Cyl, ECOTEC, 1.4T",138.0,148.0,Gas,FWD,Gray,"Auto, 6-Spd OD ShftCtrl",4,5,KL4CJBSB9GB745813,2001261297,3237.0,27280,1.4
https://www.carvana.com/vehicle/1993930,1993930,Ford,Escape,21590,2018,SUV,Available,46125,SE Sport Utility 4D,2021-10-09 13:31:34,63 Pierce Rd,Winder,GA,30680,23.0,30.0,4.0,"4-Cyl, EcoBoost, Turbo, 1.5 Liter",179.0,177.0,Gas,FWD,Gray,"Auto, 6-Spd w/SelShft",4,5,1FMCU0GD8JUB95085,2001281499,3226.0,27190,1.5
https://www.carvana.com/vehicle/1997765,1997765,Volkswagen,Golf SportWagen,20990,2015,Wagon,Available,43625,TDI S Wagon 4D,2021-10-09 13:32:41,1420 Toshiba Dr,Lebanon,TN,37087,31.0,40.0,4.0,4-Cyl PZEV Turbo Dsl 2.0L,150.0,236.0,Diesel,FWD,Silver,"Auto, 6-Spd DSG Tptrnc SM",4,5,3VWCA7AU6FM515687,2001235589,,26515,2.0
https://www.carvana.com/vehicle/1894483,1894483,Chevrolet,Spark EV,13990,2015,Hatchback,Available,34096,2LT Hatchback 4D,2021-10-09 13:32:44,1925 Concord Pkwy S,Concord,NC,28027,,,,Electric Motor,140.0,327.0,Electric,FWD,Silver,Single-Speed Fixed Gear,4,4,KL8CL6S01FC818678,2001164558,2866.0,27885,
https://www.carvana.com/vehicle/1994512,1994512,Hyundai,Sonata,18590,2015,Sedan,Available,49913,Sport Sedan 4D,2021-10-09 13:32:47,1951 Morgan Rd,Bessemer,AL,35022,24.0,35.0,4.0,"4-Cyl, 2.4 Liter",185.0,178.0,Gas,FWD,Brown,"Auto, 6-Spd w/Shiftronic & Drive Mode Select",4,5,5NPE34AFXFH237016,2001221421,,24000,2.4
https://www.carvana.com/vehicle/1993911,1993911,Chevrolet,Spark,15990,2017,Hatchback,Available,14725,LS Hatchback 4D,2021-10-09 13:32:49,1951 Morgan Rd,Bessemer,AL,35022,29.0,38.0,4.0,"4-Cyl, ECOTEC, 1.4L",98.0,94.0,Gas,FWD,Blue,"Manual, 5-Spd",4,4,KL8CA6SA0HC823033,2001241255,2278.0,14975,1.4
https://www.carvana.com/vehicle/1967115,1967115,Jeep,Patriot,18990,2016,SUV,Available,51693,75th Anniversary Sport Utility 4D,2021-10-09 13:32:52,63 Pierce Rd,Winder,GA,30680,21.0,27.0,4.0,"4-Cyl, 2.4 Liter",172.0,165.0,Gas,4WD,Green,"Auto, 6-Spd AutoStick",4,5,1C4NJRBB7GD775663,2001242523,,22900,2.4
https://www.carvana.com/vehicle/1967365,1967365,Honda,Civic,20590,2017,Sedan,Available,41298,LX Sedan 4D,2021-10-09 13:32:55,1951 Morgan Rd,Bessemer,AL,35022,31.0,40.0,4.0,"4-Cyl, i-VTEC, 2.0 Liter",158.0,138.0,Gas,FWD,Blue,"Automatic, CVT",4,5,19XFC2F5XHE021067,2001248808,2751.0,20430,2.0
https://www.carvana.com/vehicle/1997524,1997524,Kia,Forte,21590,2019,Sedan,Available,19315,LXS Sedan 4D,2021-10-09 13:32:57,63 Pierce Rd,Winder,GA,30680,30.0,40.0,4.0,"4-Cyl, 2.0 Liter",,,Gas,FWD,Red,"Automatic, i-CVT",4,5,3KPF24AD1KE086054,2001282815,2903.0,20115,2.0
https://www.carvana.com/vehicle/1994514,1994514,Buick,Encore,20590,2018,SUV,Available,46959,Preferred Sport Utility 4D,2021-10-09 13:32:59,1951 Morgan Rd,Bessemer,AL,35022,27.0,33.0,4.0,"4-Cyl, ECOTEC, 1.4T",138.0,148.0,Gas,FWD,Red,"Auto, 6-Spd OD ShftCtrl",4,5,KL4CJASB3JB724490,2001256596,3237.0,25360,1.4
https://www.carvana.com/vehicle/2003496,2003496,Toyota,Corolla iM,21590,2018,Hatchback,Available,15658,Hatchback 4D,2021-10-09 13:33:01,63 Pierce Rd,Winder,GA,30680,28.0,36.0,4.0,"4-Cyl, 1.8 Liter",137.0,126.0,Gas,FWD,Green,"Auto, CVTi-S Sport Seq",4,5,JTNKARJEXJJ562385,2001286579,3031.0,20510,1.8
https://www.carvana.com/vehicle/1973817,1973817,Buick,Enclave,17590,2012,SUV,Available,79116,Leather Sport Utility 4D,2021-10-09 13:33:04,63 Pierce Rd,Winder,GA,30680,17.0,24.0,6.0,"V6, 3.6 Liter",288.0,270.0,Gas,FWD,Red,"Auto, 6-Spd Overdrive",4,8,5GAKRCED5CJ331085,2001225316,4780.0,42395,3.6
https://www.carvana.com/vehicle/2027037,2027037,Ford,Mustang,21990,2014,Convertible,Available,50330,V6 Convertible 2D,2021-10-09 13:33:06,1925 Concord Pkwy S,Concord,NC,28027,19.0,30.0,6.0,"V6, 3.7 Liter",305.0,280.0,Gas,RWD,Gray,"Auto, 6-Spd SelectShift",2,4,1ZVBP8EM1E5290335,2001310103,3630.0,30385,3.7
https://www.carvana.com/vehicle/1939855,1939855,Chevrolet,Trax,21990,2020,SUV,Available,22324,LT Sport Utility 4D,2021-10-09 13:33:08,1420 Toshiba Dr,Lebanon,TN,37087,26.0,31.0,4.0,"4-Cyl, ECOTEC, Turbo, 1.4 Liter",138.0,148.0,Gas,FWD,White,"Automatic, 6-Spd",4,5,KL7CJLSB8LB042609,2001205948,3146.0,24460,1.4
https://www.carvana.com/vehicle/2027767,2027767,Hyundai,Elantra,17990,2018,Sedan,Available,36202,SE Sedan 4D,2021-10-09 13:33:11,1123 Cantrell Sansom Rd,Blue Mound,TX,76131,29.0,38.0,4.0,"4-Cyl, 2.0 Liter",147.0,132.0,Gas,FWD,Black,"Auto, 6-Spd Shiftronic",4,5,5NPD74LF6JH397979,2001303502,2811.0,18835,2.0
https://www.carvana.com/vehicle/1933045,1933045,Hyundai,Accent,19590,2018,Sedan,Available,11078,SE Sedan 4D,2021-10-09 13:33:14,1123 Cantrell Sansom Rd,Blue Mound,TX,76131,28.0,38.0,4.0,"4-Cyl, 1.6 Liter",130.0,119.0,Gas,FWD,Gray,"Auto, 6-Spd w/Overdrive",4,5,3KPC24A31JE032133,2001206193,2679.0,16985,1.6
https://www.carvana.com/vehicle/2003493,2003493,Chevrolet,Volt,14990,2014,Sedan,Available,86791,Sedan 4D,2021-10-09 13:33:16,63 Pierce Rd,Winder,GA,30680,,,,Voltec Electric Drive,,,Electric,FWD,Gray,Single-Speed Fixed Gear,4,4,1G1RE6E42EU169162,2001293493,3786.0,34995,1.4
https://www.carvana.com/vehicle/1827117,1827117,Honda,Civic,15990,2013,Sedan,Available,93407,EX-L Sedan 4D,2021-10-09 13:33:18,1420 Toshiba Dr,Lebanon,TN,37087,28.0,39.0,4.0,"4-Cyl, i-VTEC, 1.8 Liter",140.0,128.0,Gas,FWD,Burgundy,"Automatic, 5-Spd",4,5,19XFB2F92DE217651,2001065004,2868.0,23055,1.8
https://www.carvana.com/vehicle/1861313,1861313,Ford,Escape,19990,2016,SUV,Available,46266,SE Sport Utility 4D,2021-10-09 13:33:21,63 Pierce Rd,Winder,GA,30680,21.0,28.0,4.0,"4-Cyl, EcoBoost, 2.0T",240.0,270.0,Gas,4WD,Black,"Auto, 6-Spd SelectShift",4,5,1FMCU9G90GUA95796,2001111611,3526.0,26195,2.0
https://www.carvana.com/vehicle/1921277,1921277,Kia,Optima,19990,2017,Sedan,Available,50532,LX Sedan 4D,2021-10-09 13:33:23,1123 Cantrell Sansom Rd,Blue Mound,TX,76131,24.0,34.0,4.0,"4-Cyl, 2.4 Liter",,,Gas,FWD,Blue,"Auto, 6-Spd Sportmatic",4,5,5XXGT4L34HG170360,2001176357,3219.0,23095,
https://www.carvana.com/vehicle/2004152,2004152,Dodge,Grand Caravan Passenger,22990,2018,Minivan,Available,70107,SXT Minivan 4D,2021-10-09 13:33:26,1925 Concord Pkwy S,Concord,NC,28027,17.0,25.0,6.0,"V6, Flex Fuel, 3.6 Liter",283.0,260.0,FlexFuel,FWD,Gray,"Automatic, 6-Spd",4,7,2C4RDGCG0JR361247,2001290288,4510.0,32745,3.6
https://www.carvana.com/vehicle/1861965,1861965,Kia,Soul,15990,2017,Wagon,Available,77999,Wagon 4D,2021-10-09 13:33:29,1123 Cantrell Sansom Rd,Blue Mound,TX,76131,25.0,30.0,4.0,"4-Cyl, 1.6 Liter",130.0,118.0,Gas,FWD,Black,"Automatic, 6-Spd",4,5,KNDJN2A29H7482116,2001111023,2942.0,18595,1.6
https://www.carvana.com/vehicle/1862853,1862853,Kia,Sportage,20590,2018,SUV,Available,57554,LX Sport Utility 4D,2021-10-09 13:33:31,63 Pierce Rd,Winder,GA,30680,21.0,25.0,4.0,"4-Cyl, GDI, 2.4 Liter",,,Gas,AWD,Silver,"Automatic, 6-Spd w/Overdrive & Sportmatic",4,5,KNDPMCAC2J7371635,2001059156,3305.0,24590,
https://www.carvana.com/vehicle/2027237,2027237,Ford,Fusion,17990,2017,Sedan,Available,71173,SE Sedan 4D,2021-10-09 13:33:33,63 Pierce Rd,Winder,GA,30680,23.0,34.0,4.0,"4-Cyl, EcoBoost, 1.5T",,,Gas,FWD,Burgundy,"Auto, 6-Spd SelectShift",4,5,3FA6P0HD0HR334222,2001308455,3415.0,24125,1.0
https://www.carvana.com/vehicle/2003731,2003731,Jeep,Grand Cherokee,21990,2015,SUV,Available,72674,Laredo E Sport Utility 4D,2021-10-09 13:33:36,1420 Toshiba Dr,Lebanon,TN,37087,17.0,25.0,6.0,"V6, Flex Fuel, 3.6 Liter",290.0,260.0,FlexFuel,2WD,Gray,"Automatic, 8-Spd",4,5,1C4RJEAG6FC634868,2001255862,4545.0,32990,3.6
https://www.carvana.com/vehicle/2000561,2000561,Audi,Q3,24590,2017,SUV,Available,57891,Premium Sport Utility 4D,2021-10-09 13:34:44,1951 Morgan Rd,Bessemer,AL,35022,20.0,28.0,4.0,"4-Cyl, Turbo, 2.0 Liter",200.0,207.0,Gas,FWD,Black,"Auto, 6-Spd w/Tiptronic",4,5,WA1BCCFSXHR016363,2001283032,3682.0,35350,2.0
https://www.carvana.com/vehicle/2027698,2027698,Kia,Soul,17590,2017,Wagon,Available,36960,Wagon 4D,2021-10-09 13:34:46,63 Pierce Rd,Winder,GA,30680,25.0,30.0,4.0,"4-Cyl, 1.6 Liter",130.0,118.0,Gas,FWD,Black,"Automatic, 6-Spd",4,5,KNDJN2A25H7439313,2001312207,2942.0,18595,1.6
https://www.carvana.com/vehicle/1970919,1970919,Jeep,Compass,24990,2019,SUV,Available,40191,Latitude Sport Utility 4D,2021-10-09 13:34:48,1925 Concord Pkwy S,Concord,NC,28027,22.0,30.0,4.0,"4-Cyl, MultiAir, 2.4 Liter",,,Gas,4WD,Gray,"Automatic, 9-Spd",4,5,3C4NJDBB4KT599919,2001246291,,27590,2.4
https://www.carvana.com/vehicle/1997719,1997719,Ford,EcoSport,18990,2018,SUV,Available,32109,S Sport Utility 4D,2021-10-09 13:34:52,1123 Cantrell Sansom Rd,Blue Mound,TX,76131,27.0,29.0,3.0,"3-Cyl, Turbo, 1.0L",123.0,125.0,Gas,FWD,Gray,"Auto, 6-Spd SelectShift",4,5,MAJ3P1REXJC176282,2001283682,3020.0,20990,1.0
https://www.carvana.com/vehicle/1899242,1899242,Kia,Soul,15990,2015,Wagon,Available,87200,! Wagon 4D,2021-10-09 13:34:52,1123 Cantrell Sansom Rd,Blue Mound,TX,76131,23.0,31.0,4.0,"4-Cyl, 2.0 Liter",164.0,151.0,Gas,FWD,Blue,"Auto, 6-Spd Sportmatic",4,5,KNDJX3A58F7215332,2001163635,2837.0,21615,2.0
https://www.carvana.com/vehicle/2003994,2003994,Nissan,Altima,16990,2015,Sedan,Available,64689,2.5 S Sedan 4D,2021-10-09 13:34:56,63 Pierce Rd,Winder,GA,30680,27.0,38.0,4.0,"4-Cyl, 2.5 Liter",,,Gas,FWD,Red,"Automatic, Xtronic CVT",4,5,1N4AL3AP3FC492397,2001279717,3193.0,23370,2.5
https://www.carvana.com/vehicle/1939045,1939045,Kia,Forte,17590,2018,Sedan,Available,29783,LX Sedan 4D,2021-10-09 13:34:57,1951 Morgan Rd,Bessemer,AL,35022,29.0,37.0,4.0,"4-Cyl, 2.0 Liter",147.0,132.0,Gas,FWD,Blue,"Automatic, 6-Spd w/Sportmatic",4,5,3KPFK4A75JE175859,2001204203,2928.0,18045,2.0
https://www.carvana.com/vehicle/1827777,1827777,Chevrolet,Malibu,19990,2016,Sedan,Available,56288,LT Sedan 4D,2021-10-09 13:34:59,1123 Cantrell Sansom Rd,Blue Mound,TX,76131,27.0,37.0,4.0,"4-Cyl, Turbo, 1.5 Liter",,,Gas,FWD,White,"Automatic, 6-Spd",4,5,1G1ZE5ST4GF193492,2001032582,3126.0,26220,
https://www.carvana.com/vehicle/1873437,1873437,Nissan,Sentra,17990,2018,Sedan,Available,50039,SV Sedan 4D,2021-10-09 13:35:01,1123 Cantrell Sansom Rd,Blue Mound,TX,76131,29.0,37.0,4.0,"4-Cyl, 1.8 Liter",,,Gas,FWD,Black,"Auto, CVT w/Xtronic",4,5,3N1AB7AP8JL663066,2001119824,2880.0,19980,
https://www.carvana.com/vehicle/1993938,1993938,Mini,Countryman,21590,2016,Hatchback,Available,49400,Cooper S ALL4 Hatchback 4D,2021-10-09 13:35:04,1951 Morgan Rd,Bessemer,AL,35022,23.0,30.0,4.0,"4-Cyl, Turbo, 1.6 Liter",181.0,177.0,Gas,AWD,Silver,"Auto, 6-Spd Steptronic",4,5,WMWZC5C55GWU20005,2001281167,3208.0,31950,1.6
https://www.carvana.com/vehicle/1952473,1952473,Chrysler,300,22990,2016,Sedan,Available,37856,300 Limited Sedan 4D,2021-10-09 13:35:07,1420 Toshiba Dr,Lebanon,TN,37087,19.0,31.0,6.0,"V6, 3.6 Liter",292.0,260.0,Gas,RWD,Gray,"Automatic, 8-Spd",4,5,2C3CCAAG5GH194508,2001188290,3992.0,33010,3.6
https://www.carvana.com/vehicle/1836570,1836570,Toyota,Corolla,20990,2020,Sedan,Available,43418,LE Sedan 4D,2021-10-09 13:35:10,63 Pierce Rd,Winder,GA,30680,30.0,38.0,4.0,"4-Cyl, 1.8 Liter",,,Gas,FWD,Silver,"Automatic, CVTi-S",4,5,JTDEPRAE9LJ038258,2001040881,2955.0,20905,
https://www.carvana.com/vehicle/2003592,2003592,Kia,Rio,20990,2020,Sedan,Available,18548,LX Sedan 4D,2021-10-09 13:35:12,63 Pierce Rd,Winder,GA,30680,33.0,41.0,4.0,"4-Cyl, 1.6 Liter",120.0,112.0,Gas,FWD,Black,"Automatic, IVT",4,5,3KPA24AD8LE328138,2001293402,,16815,1.6
https://www.carvana.com/vehicle/1909954,1909954,Ford,Fusion,16990,2016,Sedan,Available,61174,S Sedan 4D,2021-10-09 13:35:15,1925 Concord Pkwy S,Concord,NC,28027,22.0,34.0,4.0,"4-Cyl, 2.5 Liter",,,Gas,FWD,Silver,"Auto, 6-Spd SelectShift",4,5,3FA6P0G77GR237853,2001119819,3431.0,23135,
https://www.carvana.com/vehicle/1959028,1959028,Mitsubishi,Outlander,22990,2017,SUV,Available,34141,SE Sport Utility 4D,2021-10-09 13:35:17,1951 Morgan Rd,Bessemer,AL,35022,25.0,30.0,4.0,"4-Cyl, 2.4 Liter",,,Gas,2WD,Black,"Automatic, CVT",4,7,JA4AD3A33HZ070323,2001227816,3373.0,25490,2.4
https://www.carvana.com/vehicle/2003497,2003497,Toyota,Yaris,14990,2015,Sedan,Available,81080,L Hatchback Sedan 4D,2021-10-09 13:35:19,1925 Concord Pkwy S,Concord,NC,28027,30.0,36.0,4.0,"4-Cyl, 1.5 Liter",106.0,103.0,Gas,FWD,White,"Automatic, 4-Spd",4,5,VNKKTUD37FA041540,2001285889,2335.0,16770,1.5
https://www.carvana.com/vehicle/2004169,2004169,Kia,Forte,18590,2018,Sedan,Available,28823,S Sedan 4D,2021-10-09 13:35:21,1925 Concord Pkwy S,Concord,NC,28027,29.0,37.0,4.0,"4-Cyl, 2.0 Liter",147.0,132.0,Gas,FWD,Red,"Automatic, 6-Spd w/Sportmatic",4,5,3KPFL4A71JE257729,2001284079,2976.0,20295,2.0
https://www.carvana.com/vehicle/1967752,1967752,Jeep,Cherokee,22590,2017,SUV,Available,38927,Sport SUV 4D,2021-10-09 13:35:24,1925 Concord Pkwy S,Concord,NC,28027,21.0,28.0,4.0,"4-Cyl, 2.4 Liter",180.0,171.0,Gas,4WD,White,"Automatic, 9-Spd",4,5,1C4PJMAB1HW583500,2001248728,3655.0,25185,2.4
https://www.carvana.com/vehicle/2035944,2035944,Buick,Enclave,22990,2016,SUV,Available,85969,Leather Sport Utility 4D,2021-10-09 13:35:25,63 Pierce Rd,Winder,GA,30680,15.0,22.0,6.0,"V6, 3.6 Liter",288.0,270.0,Gas,FWD,Silver,"Auto, 6-Spd Overdrive",4,8,5GAKRBKD3GJ239090,2001312884,4724.0,44795,3.6
https://www.carvana.com/vehicle/1872020,1872020,Hyundai,Tucson,20590,2018,SUV,Available,72718,SEL Sport Utility 4D,2021-10-09 13:35:28,1925 Concord Pkwy S,Concord,NC,28027,21.0,26.0,4.0,"4-Cyl, 2.0 Liter",,,Gas,AWD,Gray,"Auto, 6-Spd Shiftronic",4,5,KM8J3CA46JU752189,2001074938,3300.0,24780,
https://www.carvana.com/vehicle/1986651,1986651,Kia,Rio,19590,2019,Hatchback,Available,51249,S Hatchback 4D,2021-10-09 13:35:31,1925 Concord Pkwy S,Concord,NC,28027,28.0,37.0,4.0,"4-Cyl, 1.6 Liter",,,Gas,FWD,Blue,"Automatic, 6-Spd w/Sportmatic",4,5,3KPA25AB7KE249370,2001133835,2714.0,17415,
https://www.carvana.com/vehicle/1894572,1894572,Hyundai,Santa Fe,22590,2013,SUV,Available,49742,Limited Sport Utility 4D,2021-10-09 13:35:33,1123 Cantrell Sansom Rd,Blue Mound,TX,76131,18.0,24.0,6.0,"V6, GDI, 3.3 Liter",290.0,252.0,Gas,AWD,Black,"Auto, 6-Spd w/Shiftronic",4,6,KM8SRDHFXDU011984,2001152476,3869.0,33945,3.3
https://www.carvana.com/vehicle/1866815,1866815,Hyundai,Sonata,20590,2016,Sedan,Available,39119,SE Sedan 4D,2021-10-09 13:35:37,1123 Cantrell Sansom Rd,Blue Mound,TX,76131,25.0,38.0,4.0,"4-Cyl, 2.4 Liter",,,Gas,FWD,White,"Auto, 6-Spd w/Shiftronic & Drive Mode Select",4,5,5NPE24AF9GH327892,2001091645,3250.0,22585,
https://www.carvana.com/vehicle/1967155,1967155,Nissan,Rogue Sport,21590,2017,SUV,Available,21781,SV Sport Utility 4D,2021-10-09 13:36:44,63 Pierce Rd,Winder,GA,30680,25.0,32.0,4.0,"4-Cyl, 2.0 Liter",141.0,147.0,Gas,FWD,Red,"Auto, CVT Xtronic",4,7,JN1BJ1CP7HW013294,2001240418,3380.0,25345,2.0
https://www.carvana.com/vehicle/2004180,2004180,Toyota,Venza,18990,2013,Wagon,Available,86339,XLE Wagon 4D,2021-10-09 13:36:45,1925 Concord Pkwy S,Concord,NC,28027,19.0,26.0,6.0,"V6, 3.5 Liter",268.0,246.0,Gas,FWD,White,"Automatic, 6-Spd",4,5,4T3ZK3BB4DU062794,2001284584,4045.0,38170,3.5
https://www.carvana.com/vehicle/2024330,2024330,Mazda,MAZDA3,23590,2017,Hatchback,Available,11703,Touring 2.5 Hatchback 4D,2021-10-09 13:36:48,1123 Cantrell Sansom Rd,Blue Mound,TX,76131,26.0,35.0,4.0,"4-Cyl, SKYACTIV-G, 2.5L",184.0,185.0,Gas,FWD,Gray,"Auto, 6-Spd SKYACTIV-Drv",4,5,3MZBN1L34HM132996,2001314012,3098.0,24720,2.5
https://www.carvana.com/vehicle/2000557,2000557,Chevrolet,Equinox,17990,2014,SUV,Available,51081,LS Sport Utility 4D,2021-10-09 13:36:50,1420 Toshiba Dr,Lebanon,TN,37087,22.0,32.0,4.0,"4-Cyl, 2.4 Liter",182.0,172.0,Gas,FWD,Beige,"Automatic, 6-Spd",4,5,2GNALAEK3E6328210,2001288455,3777.0,25315,2.4
https://www.carvana.com/vehicle/1929457,1929457,Buick,Verano,16990,2015,Sedan,Available,35216,Sedan 4D,2021-10-09 13:36:53,1925 Concord Pkwy S,Concord,NC,28027,21.0,32.0,4.0,"4-Cyl, ECOTEC, 2.4L",180.0,171.0,Gas,FWD,Silver,"Auto, 6-Spd w/Shft Ctrl",4,5,1G4PP5SK9F4168111,2001175804,3420.0,24605,2.4
https://www.carvana.com/vehicle/1994619,1994619,Volkswagen,CC,19590,2016,Sedan,Available,66362,2.0T Sport Sedan 4D,2021-10-09 13:36:55,63 Pierce Rd,Winder,GA,30680,22.0,31.0,4.0,"4-Cyl, PZEV, 2.0T",200.0,207.0,Gas,FWD,White,Auto 6-Spd DSG Tptrnc Spt,4,5,WVWBP7AN4GE512560,2001270832,3369.0,35340,2.0
https://www.carvana.com/vehicle/1993711,1993711,Mini,Hardtop 4 Door,20990,2016,Hatchback,Available,62539,Cooper S Hatchback 4D,2021-10-09 13:36:58,63 Pierce Rd,Winder,GA,30680,25.0,33.0,4.0,"4-Cyl, Turbo, 2.0 Liter",189.0,207.0,Gas,FWD,Black,"Automatic, 6-Spd",4,5,WMWXU3C55G2D30209,2001277527,2895.0,28450,2.0
https://www.carvana.com/vehicle/2032372,2032372,Jeep,Renegade,22990,2018,SUV,Available,28749,Latitude Sport Utility 4D,2021-10-09 13:37:00,63 Pierce Rd,Winder,GA,30680,21.0,29.0,4.0,"4-Cyl, MultiAir, 2.4L",180.0,175.0,Gas,4WD,White,"Automatic, 9-Spd",4,5,ZACCJABB9JPH47865,2001320281,3327.0,24440,2.4
https://www.carvana.com/vehicle/1899110,1899110,Toyota,Venza,16990,2013,Wagon,Available,99905,LE Wagon 4D,2021-10-09 13:37:03,1925 Concord Pkwy S,Concord,NC,28027,20.0,26.0,4.0,"4-Cyl, 2.7 Liter",,,Gas,FWD,White,"Automatic, 6-Spd",4,5,4T3ZA3BB1DU074761,2001163813,3760.0,28510,2.7
https://www.carvana.com/vehicle/1993848,1993848,Mazda,MAZDA3,20990,2018,Sedan,Available,17003,Sport Sedan 4D,2021-10-09 13:37:05,1123 Cantrell Sansom Rd,Blue Mound,TX,76131,28.0,37.0,4.0,"4-Cyl, SKYACTIV-G, 2.0L",155.0,150.0,Gas,FWD,Silver,"Auto, 6-Spd SKYACTIV-Drv",4,5,3MZBN1U77JM240830,2001278470,2967.0,20020,2.0
https://www.carvana.com/vehicle/1994492,1994492,Lincoln,MKZ,21990,2013,Sedan,Available,20822,Sedan 4D,2021-10-09 13:37:08,1123 Cantrell Sansom Rd,Blue Mound,TX,76131,22.0,33.0,4.0,"4-Cyl, EcoBoost, 2.0L",,,Gas,FWD,White,"Auto, 6-Spd w/SelShft",4,5,3LN6L2G93DR804408,2001282485,,36800,2.0
https://www.carvana.com/vehicle/1878808,1878808,Hyundai,Sonata,16590,2016,Sedan,Available,79944,SE Sedan 4D,2021-10-09 13:37:10,63 Pierce Rd,Winder,GA,30680,25.0,38.0,4.0,"4-Cyl, 2.4 Liter",,,Gas,FWD,Silver,"Auto, 6-Spd w/Shiftronic & Drive Mode Select",4,5,5NPE24AF0GH269669,2001061877,3250.0,22585,
https://www.carvana.com/vehicle/2004314,2004314,Bmw,3 Series,20990,2015,Sedan,Available,38233,320i Sedan 4D,2021-10-09 13:37:13,1123 Cantrell Sansom Rd,Blue Mound,TX,76131,24.0,36.0,4.0,"4-Cyl, Turbo, 2.0 Liter",180.0,200.0,Gas,RWD,Black,"Auto, 8-Spd Steptronic",4,5,WBA3B1C59FK135735,2001293092,3340.0,34345,2.0
https://www.carvana.com/vehicle/2004124,2004124,Nissan,370Z,23990,2010,Coupe,Available,67816,Touring Coupe 2D,2021-10-09 13:37:15,1925 Concord Pkwy S,Concord,NC,28027,19.0,26.0,6.0,"V6, 3.7 Liter",,,Gas,RWD,Gray,"Auto, 7-Spd Manual Mode",2,2,JN1AZ4EH8AM503336,2001284155,3314.0,37130,3.7
https://www.carvana.com/vehicle/1997623,1997623,Chevrolet,Equinox,22990,2017,SUV,Available,50093,Premier Sport Utility 4D,2021-10-09 13:37:17,1951 Morgan Rd,Bessemer,AL,35022,20.0,28.0,4.0,"4-Cyl, 2.4 Liter",182.0,172.0,Gas,AWD,Black,"Auto, 6-Spd w/OD",4,5,2GNFLGEK4H6207120,2001246662,3842.0,30935,2.4
https://www.carvana.com/vehicle/1970652,1970652,Buick,Envision,22590,2017,SUV,Available,46145,Preferred Sport Utility 4D,2021-10-09 13:37:19,1925 Concord Pkwy S,Concord,NC,28027,22.0,29.0,4.0,"4-Cyl, 2.5 Liter",197.0,192.0,Gas,FWD,Red,"Auto, 6-Spd w/DSC",4,5,LRBFXASA7HD041441,2001249489,3755.0,36795,2.5
https://www.carvana.com/vehicle/1902774,1902774,Acura,TLX,20990,2015,Sedan,Available,57065,2.4 Sedan 4D,2021-10-09 13:37:22,1951 Morgan Rd,Bessemer,AL,35022,24.0,35.0,4.0,"4-Cyl, VTEC, 2.4 Liter",206.0,182.0,Gas,FWD,Black,"Auto, 8-Spd DCT SptShft",4,5,19UUB1F35FA018663,2001168363,3483.0,34725,2.4
https://www.carvana.com/vehicle/2000548,2000548,Hyundai,Elantra,18990,2019,Sedan,Available,48123,SEL Sedan 4D,2021-10-09 13:37:24,1951 Morgan Rd,Bessemer,AL,35022,28.0,37.0,4.0,"4-Cyl, 2.0 Liter",147.0,132.0,Gas,FWD,Black,"Automatic, 6-Spd w/Shiftronic",4,5,KMHD84LF1KU743212,2001279157,2844.0,20430,2.0
https://www.carvana.com/vehicle/1906924,1906924,Chevrolet,Impala,21590,2015,Sedan,Available,67172,LTZ Sedan 4D,2021-10-09 13:37:26,1925 Concord Pkwy S,Concord,NC,28027,,,6.0,"V6, Flex Fuel, 3.6 Liter",,,FlexFuel,FWD,Blue,"Automatic, 6-Spd",4,5,1G1165S31FU107186,2001097183,,37260,
https://www.carvana.com/vehicle/1891132,1891132,Honda,Accord,21590,2017,Sedan,Available,40257,LX Sedan 4D,2021-10-09 13:37:29,63 Pierce Rd,Winder,GA,30680,27.0,36.0,4.0,"4-Cyl, i-VTEC, 2.4 Liter",,,Gas,FWD,Black,"Auto, CVT w/Sport Mode",4,5,1HGCR2F37HA303123,2001005847,3239.0,24145,
https://www.carvana.com/vehicle/1993262,1993262,Toyota,Camry,23590,2018,Sedan,Available,54278,LE Sedan 4D,2021-10-09 13:37:31,1100 Family Dollar,West Memphis,AR,72301,28.0,39.0,4.0,"4-Cyl, 2.5 Liter",203.0,184.0,Gas,FWD,Red,"Auto, 8-Spd SeqShft",4,5,4T1B11HKXJU594930,2001232353,3296.0,25070,2.5
https://www.carvana.com/vehicle/1861875,1861875,Dodge,Journey,20990,2019,SUV,Available,41711,SE Sport Utility 4D,2021-10-09 13:37:33,1123 Cantrell Sansom Rd,Blue Mound,TX,76131,19.0,25.0,4.0,"4-Cyl, 2.4 Liter",173.0,166.0,Gas,FWD,Black,"Automatic, 4-Spd w/AutoStick",4,7,3C4PDCBBXKT794241,2001103253,3818.0,24890,2.4
https://www.carvana.com/vehicle/2004275,2004275,Honda,Civic,15590,2013,Sedan,Available,70056,LX Sedan 4D,2021-10-09 13:38:41,63 Pierce Rd,Winder,GA,30680,28.0,39.0,4.0,"4-Cyl, i-VTEC, 1.8 Liter",140.0,128.0,Gas,FWD,Burgundy,"Automatic, 5-Spd",4,5,19XFB2F55DE077575,2001202860,2815.0,19755,
https://www.carvana.com/vehicle/1916881,1916881,Kia,Optima,19990,2017,Sedan,Available,51694,LX Sedan 4D,2021-10-09 13:38:42,1123 Cantrell Sansom Rd,Blue Mound,TX,76131,24.0,34.0,4.0,"4-Cyl, 2.4 Liter",,,Gas,FWD,Blue,"Auto, 6-Spd Sportmatic",4,5,5XXGT4L32HG170230,2001101990,3219.0,23095,
https://www.carvana.com/vehicle/1904239,1904239,Chevrolet,Malibu,19990,2015,Sedan,Available,57831,LT Sedan 4D,2021-10-09 13:38:45,1951 Morgan Rd,Bessemer,AL,35022,25.0,36.0,4.0,"4-Cyl, 2.5 Liter",,,Gas,FWD,Black,"Auto, 6-Spd w/OD & Man Md",4,5,1G11C5SL8FF130039,2001088713,3439.0,24435,
https://www.carvana.com/vehicle/2004336,2004336,Nissan,Versa,18990,2019,Sedan,Available,29564,SV Sedan 4D,2021-10-09 13:38:46,63 Pierce Rd,Winder,GA,30680,31.0,39.0,4.0,"4-Cyl, 1.6 Liter",109.0,107.0,Gas,FWD,Silver,"Automatic, CVT w/Xtronic",4,5,3N1CN7AP6KL846869,2001276226,2494.0,17015,1.6
https://www.carvana.com/vehicle/1974555,1974555,Nissan,Versa,19590,2020,Sedan,Available,21079,S Sedan 4D,2021-10-09 13:38:49,1951 Morgan Rd,Bessemer,AL,35022,27.0,35.0,4.0,"4-Cyl, 1.6 Liter",122.0,114.0,Gas,FWD,Gray,"Manual, 5-Spd",4,5,3N1CN8BV6LL887443,2001249453,2599.0,15755,1.6
https://www.carvana.com/vehicle/2000710,2000710,Jeep,Cherokee,19990,2018,SUV,Available,73235,Latitude Sport Utility 4D,2021-10-09 13:38:52,63 Pierce Rd,Winder,GA,30680,15.0,22.0,4.0,"4-Cyl, Flex Fuel, 2.4 Liter",180.0,171.0,FlexFuel,FWD,Blue,"Automatic, 9-Spd",4,5,1C4PJLCB6JD524371,2001242524,3953.0,28735,2.4
https://www.carvana.com/vehicle/1836466,1836466,Kia,Forte,19590,2018,Sedan,Available,19639,LX Sedan 4D,2021-10-09 13:38:55,1123 Cantrell Sansom Rd,Blue Mound,TX,76131,29.0,37.0,4.0,"4-Cyl, 2.0 Liter",,,Gas,FWD,Red,"Automatic, 6-Spd w/Sportmatic",4,5,3KPFL4A77JE232320,2001061825,2928.0,18045,
https://www.carvana.com/vehicle/1967153,1967153,Nissan,Kicks,22990,2019,SUV,Available,27750,SR Sport Utility 4D,2021-10-09 13:38:57,1925 Concord Pkwy S,Concord,NC,28027,31.0,36.0,4.0,"4-Cyl, 1.6 Liter",122.0,114.0,Gas,FWD,Red,"Auto, CVT Xtronic",4,5,3N1CP5CU2KL549003,2001245805,2672.0,22065,1.6
https://www.carvana.com/vehicle/1994134,1994134,Nissan,Rogue,20590,2015,SUV,Available,23102,S Sport Utility 4D,2021-10-09 13:39:00,1951 Morgan Rd,Bessemer,AL,35022,25.0,32.0,4.0,"4-Cyl, 2.5 Liter",170.0,175.0,Gas,AWD,Black,"Auto, CVT Xtronic",4,7,KNMAT2MV5FP577846,2001230142,3393.0,23940,2.5
https://www.carvana.com/vehicle/1994036,1994036,Ford,Escape,17990,2014,SUV,Available,39332,SE Sport Utility 4D,2021-10-09 13:39:02,63 Pierce Rd,Winder,GA,30680,23.0,32.0,4.0,"4-Cyl, EcoBoost, 1.6L",,,Gas,2WD,Gray,"Auto, 6-Spd w/SelShft",4,5,1FMCU0GX5EUD13612,2001271783,3502.0,26445,1.6
https://www.carvana.com/vehicle/1942206,1942206,Toyota,Corolla,24590,2020,Sedan,Available,19076,LE Sedan 4D,2021-10-09 13:39:04,63 Pierce Rd,Winder,GA,30680,30.0,38.0,4.0,"4-Cyl, 1.8 Liter",,,Gas,FWD,Gray,"Automatic, CVTi-S",4,5,JTDEPRAE2LJ094039,2001133837,2955.0,20905,
https://www.carvana.com/vehicle/1970747,1970747,Volkswagen,Passat,19990,2016,Sedan,Available,33836,1.8T R-Line Sedan 4D,2021-10-09 13:39:07,63 Pierce Rd,Winder,GA,30680,25.0,38.0,4.0,"4-Cyl, Turbo, 1.8 Liter",,,Gas,FWD,Silver,"Auto, 6-Spd Tiptronic Spt",4,5,1VWAS7A30GC063010,2001251634,3263.0,24795,2.0
https://www.carvana.com/vehicle/1973773,1973773,Volkswagen,Passat,17590,2017,Sedan,Available,59145,1.8T S Sedan 4D,2021-10-09 13:39:09,1951 Morgan Rd,Bessemer,AL,35022,23.0,34.0,4.0,"4-Cyl, Turbo, 1.8 Liter",170.0,184.0,Gas,FWD,Gray,"Auto, 6-Spd Triptronic Spt",4,5,1VWAT7A39HC002981,2001243008,3263.0,23585,1.8
https://www.carvana.com/vehicle/1970666,1970666,Chevrolet,Impala Limited,15990,2016,Sedan,Available,59318,LT Sedan 4D,2021-10-09 13:39:11,1123 Cantrell Sansom Rd,Blue Mound,TX,76131,18.0,30.0,6.0,"V6, 3.6 Liter",300.0,262.0,Gas,FWD,White,"Automatic, 6-Spd",4,5,2G1WB5E39G1150636,2001199570,3555.0,27865,3.6
https://www.carvana.com/vehicle/1959779,1959779,Bmw,i3,19990,2015,Hatchback,Available,22998,Hatchback 4D,2021-10-09 13:39:14,1951 Morgan Rd,Bessemer,AL,35022,,,,AC Electric Motor,168.0,184.0,Electric,RWD,Silver,"Automatic, 1-Spd",4,4,WBY1Z2C59FV287409,2001228013,,43395,
https://www.carvana.com/vehicle/1841413,1841413,Toyota,Camry,20590,2017,Sedan,Available,63546,SE Sedan 4D,2021-10-09 13:39:16,1123 Cantrell Sansom Rd,Blue Mound,TX,76131,24.0,33.0,4.0,"4-Cyl, 2.5 Liter",,,Gas,FWD,Blue,"Auto, 6-Spd SeqShft",4,5,4T1BF1FK4HU758378,2001067224,3300.0,25084,
https://www.carvana.com/vehicle/1871765,1871765,Honda,Accord,22990,2017,Coupe,Available,60776,EX Coupe 2D,2021-10-09 13:39:18,63 Pierce Rd,Winder,GA,30680,26.0,34.0,4.0,"4-Cyl, i-VTEC, 2.4 Liter",,,Gas,FWD,Black,"Auto, CVT w/Sport Mode",2,5,1HGCT1B73HA009397,2001052019,3336.0,28389,
https://www.carvana.com/vehicle/1997548,1997548,Mitsubishi,Outlander Sport,17990,2015,SUV,Available,33567,ES Sport Utility 4D,2021-10-09 13:39:21,63 Pierce Rd,Winder,GA,30680,24.0,30.0,4.0,"4-Cyl, 2.0 Liter",148.0,145.0,Gas,2WD,Black,"Manual, 5-Spd",4,5,4A4AP3AU2FE019205,2001278546,3021.0,21645,2.0
https://www.carvana.com/vehicle/1952518,1952518,Chrysler,300,17990,2013,Sedan,Available,60580,300 Sedan 4D,2021-10-09 13:39:23,63 Pierce Rd,Winder,GA,30680,19.0,31.0,6.0,"V6, 3.6 Liter",292.0,260.0,Gas,RWD,White,"Automatic, 8-Spd",4,5,2C3CCAAG7DH632103,2001229007,3999.0,31715,3.6
